fname,lname,mname,company,bphone,cphone
Görel,Clemont,Anaëlle,"Smith, Weber and Aufderhar",+48 (333) 306-1679,+63 (118) 669-9968
Félicie,Malpass,Véronique,Emard-Willms,+234 (635) 625-3015,+62 (277) 321-5071
Léonie,Sisselot,Annotée,"Satterfield, Heaney and Klocko",+351 (448) 625-8282,+7 (288) 547-3901
Håkan,Hobbema,Aimée,Heller Inc,+46 (746) 914-8713,+1 (415) 225-6445
Tú,Berthomier,Judicaël,"Hilll, Dicki and Bartell",+7 (905) 910-9458,+51 (455) 545-6033
Maëlys,Gover,Clémence,Larson-Blick,+86 (334) 712-6943,+86 (552) 922-0824
Méghane,Bemlott,Angèle,Lakin Group,+86 (899) 659-5525,+261 (163) 499-8427
Méthode,Sturch,Laurène,Pfannerstill LLC,+359 (355) 641-6639,+48 (898) 680-8531
Océanne,Gildea,Lài,Konopelski-Lockman,+351 (550) 728-4871,+86 (721) 868-2790
Mylène,Gordon,Yóu,Marquardt and Sons,+590 (966) 252-5894,+57 (723) 285-2679
Marie-françoise,Stoddard,Noëlla,Trantow-Vandervort,+86 (363) 430-7159,+63 (910) 635-8232
Naëlle,Semorad,Jú,Huel Inc,+55 (946) 274-0731,+380 (591) 382-1576
Stéphanie,Hazelgrove,Mylène,DuBuque and Sons,+964 (758) 348-5289,+27 (593) 509-9333
Méghane,Giorgietto,Marlène,Shanahan and Sons,+64 (712) 357-1018,+62 (686) 287-7980
Félicie,Crewther,Personnalisée,Harvey-Hamill,+86 (102) 695-8535,+256 (638) 536-2105
Ruò,Webber,Ráo,Predovic-Boehm,+355 (780) 402-1396,+92 (687) 638-8299
Chloé,Menichi,Clémence,"Wilderman, Mosciski and Hayes",+380 (273) 883-6882,+62 (187) 323-4074
Gaëlle,Chawkley,Åsa,Legros Inc,+63 (776) 482-9258,+62 (727) 679-4687
Angèle,Le Grove,Lóng,Leannon-Dickens,+48 (557) 450-1814,+509 (715) 158-3121
Åke,Lillico,Géraldine,"Crona, Barrows and Ullrich",+7 (699) 828-7565,+236 (314) 201-3213
Almérinda,Rickerby,Amélie,"Dach, Morissette and Nader",+47 (541) 814-3837,+63 (183) 861-7025
Marie-françoise,Bullocke,Maëly,Gibson and Sons,+86 (272) 391-0059,+33 (767) 643-7947
Loïs,Eustes,Laïla,Bradtke-Lemke,+7 (937) 330-9308,+30 (294) 895-2364
Yè,Levings,Dorothée,Stiedemann-Dickens,+31 (430) 657-6018,+7 (278) 315-8565
Salomé,Juett,Loïc,Fahey-Gleichner,+46 (435) 220-3629,+46 (968) 181-0512
Crééz,Arnell,Lyséa,Smitham-Erdman,+84 (591) 100-8295,+86 (165) 738-3050
Joséphine,Woolcocks,Andrée,Ziemann and Sons,+86 (295) 688-9816,+507 (623) 175-6481
Håkan,Faircley,Lucrèce,Brown-Mertz,+41 (154) 966-9852,+268 (412) 219-2758
Méng,Dorgan,Almérinda,Erdman-Feest,+7 (708) 322-7587,+359 (364) 754-9580
Pål,Marunchak,Méryl,Cole-Wehner,+52 (459) 622-7654,+1 (114) 112-4993
Mén,Carass,Léonore,Schaden Inc,+1 (484) 670-4115,+995 (730) 797-6740
Léonie,Nairne,Bénédicte,"Ernser, Labadie and McClure",+86 (101) 701-2406,+84 (696) 357-8762
Marie-ève,Christofor,Björn,"Kris, Prohaska and Beatty",+972 (104) 357-0877,+54 (215) 970-9103
Estève,Barkley,Thérèsa,Steuber-Heathcote,+7 (179) 892-8387,+33 (720) 187-5035
Mà,Klimowski,Mylène,Quigley-Rice,+86 (295) 106-7645,+46 (963) 913-1460
Kévina,Llopis,Cinéma,Johns and Sons,+62 (559) 319-8594,+86 (857) 222-5961
Béatrice,Siebert,Danièle,Hamill-Stanton,+86 (919) 496-8648,+86 (509) 257-4491
Méng,Waple,Almérinda,Beahan and Sons,+86 (430) 862-6822,+263 (702) 417-6318
Camélia,Griffe,Andréa,"Reinger, Reilly and Ullrich",+63 (918) 135-0809,+66 (116) 802-4755
Cloé,Panner,Océanne,Sipes-Leuschke,+46 (243) 854-0515,+86 (256) 697-3559
Gaétane,Canton,Naëlle,Wisoky Inc,+62 (835) 622-4116,+967 (683) 802-6469
Léone,Gibby,Lauréna,Kemmer Group,+380 (501) 950-0973,+55 (541) 449-0935
Thérèse,Stinton,Håkan,Wunsch LLC,+46 (285) 978-4693,+20 (366) 895-9740
Märta,Colson,Kallisté,"Grimes, Marquardt and Howell",+86 (743) 236-2703,+98 (612) 439-0061
Josée,Muzzullo,Wá,"Orn, Corkery and Reilly",+7 (563) 518-2725,+63 (507) 779-3809
Kévina,Clarson,Yóu,Raynor-Jones,+62 (867) 116-9061,+46 (399) 617-3435
Andréa,Riddel,Léonore,Stroman-Hermiston,+63 (262) 812-0830,+62 (807) 157-1556
Göran,Waring,Rachèle,Kutch Group,+46 (754) 505-4907,+86 (159) 384-8302
Vérane,Kiehl,Angèle,Flatley Group,+254 (805) 752-6356,+230 (286) 596-7905
Andréanne,Eskrick,Maïlys,"McGlynn, Pacocha and McClure",+591 (775) 625-9554,+880 (472) 614-3162
Mélanie,MacKeague,Maëly,"Schaefer, Bahringer and Stoltenberg",+420 (353) 675-9306,+63 (189) 287-6844
Loïca,McCarthy,Lóng,Jaskolski-Harvey,+7 (752) 517-0243,+420 (454) 822-7482
Mélys,MacNamara,Garçon,Casper Group,+86 (980) 989-6447,+27 (595) 246-4157
Clémentine,Sarsons,Vérane,Lynch-Wilkinson,+386 (477) 492-8163,+81 (716) 340-8986
Méng,Meacher,Geneviève,Hickle-Halvorson,+255 (565) 593-3635,+55 (641) 507-2977
Mélodie,Lantoph,Renée,"Schowalter, Rolfson and Ferry",+82 (270) 451-6836,+7 (857) 806-5594
Marie-ève,Gjerde,Publicité,"Bergstrom, Koss and Kutch",+86 (150) 782-0966,+27 (354) 979-1347
Annotés,Butchart,Célia,Lakin LLC,+356 (409) 938-2758,+86 (444) 902-1855
Esbjörn,McEvoy,Médiamass,Johns Inc,+354 (327) 692-4136,+81 (629) 166-5909
Alizée,Walklott,Audréanne,Gibson and Sons,+63 (207) 442-8793,+62 (765) 264-1026
Eléonore,Banane,Mélinda,"Mills, Kiehn and Kling",+54 (771) 313-3492,+57 (969) 998-1159
Michèle,Greenalf,Marie-noël,Davis LLC,+47 (620) 413-6607,+351 (657) 171-0789
Pål,Lighten,Mélissandre,"Moore, Von and Hettinger",+256 (912) 910-4337,+51 (778) 548-6795
Tú,Cready,Dù,"Miller, Herman and Hermann",+7 (443) 732-3176,+593 (925) 955-4533
Loïs,Bradder,Zoé,"Gusikowski, Bernhard and Gleason",+380 (323) 107-5783,+33 (355) 586-7427
Pål,Volcker,Joséphine,Mann LLC,+27 (488) 235-4035,+55 (789) 528-4171
Zhì,Benck,Aurélie,Connelly LLC,+86 (761) 598-4410,+7 (816) 117-3120
Maëlle,Frankis,Kù,"Streich, Maggio and Smitham",+86 (775) 447-7283,+86 (908) 750-9710
Nélie,Ledrane,Geneviève,Cruickshank Group,+62 (969) 275-9806,+63 (209) 115-2204
Bérangère,Dorrins,Yénora,Bosco Inc,+62 (808) 104-9328,+374 (739) 736-6360
Börje,Grcic,Pénélope,King Inc,+81 (619) 519-1400,+420 (455) 508-7400
Geneviève,Gobbett,Thérèsa,Vandervort Inc,+93 (962) 885-9548,+46 (251) 326-0049
Ruò,Stallwood,Joséphine,"Pfeffer, Beahan and Stiedemann",+60 (144) 867-7112,+86 (808) 123-6819
Eléonore,Ashby,Pénélope,"Marvin, Larson and Langosh",+7 (750) 234-1872,+30 (600) 924-1547
Solène,Maurice,Edmée,"Anderson, Shanahan and Ryan",+7 (754) 479-8551,+62 (160) 303-1926
Yè,Michin,Östen,"Kihn, Roberts and Bednar",+86 (757) 628-7702,+7 (178) 503-3523
Pò,Sainte Paul,Geneviève,"Bailey, Hermann and Kutch",+98 (340) 586-3662,+63 (527) 873-4198
Maëline,Benettelli,Hélèna,Mante and Sons,+62 (854) 730-0180,+52 (893) 156-5241
Faîtes,Woonton,Chloé,Kiehn Inc,+86 (396) 440-2774,+685 (174) 825-5501
Pénélope,Beardsworth,Séverine,"Bednar, Mraz and Beer",+351 (653) 283-5611,+65 (795) 107-5808
Lorène,Collcott,Stéphanie,"Glover, Nicolas and Schaden",+55 (550) 354-0521,+66 (704) 777-1903
Andréanne,Reuben,Adélie,Metz LLC,+51 (934) 448-7689,+351 (694) 692-2725
Görel,Marmion,Maéna,Skiles LLC,+86 (451) 139-2468,+1 (714) 679-5550
Håkan,Slark,Maïwenn,"Klein, Mohr and Fahey",+63 (602) 105-0221,+55 (791) 169-2741
Audréanne,McBain,Adélie,Harber Group,+62 (199) 317-2454,+216 (496) 240-7666
Géraldine,Landell,Erwéi,Lubowitz Inc,+84 (781) 559-3737,+55 (266) 225-0266
Dafnée,Ryde,Tú,Mosciski and Sons,+1 (727) 188-0723,+218 (296) 290-3195
Göran,Legging,Alizée,Hodkiewicz-Mraz,+55 (219) 981-2403,+51 (528) 488-4380
Lauréna,Chetham,Cléa,"Hilll, Wilkinson and Reinger",+420 (656) 492-6493,+93 (420) 776-9127
Eléonore,Eighteen,Gaïa,Hudson-Langworth,+86 (880) 867-9818,+507 (290) 541-0177
Mélys,Marnes,Béatrice,Casper and Sons,+30 (754) 172-6431,+691 (636) 584-3994
Bérénice,Bernette,Eugénie,Lind-Huel,+62 (863) 513-6428,+62 (730) 350-2693
Audréanne,Winship,Åsa,Gerhold-Runolfsson,+46 (968) 996-3432,+36 (804) 716-2216
Bérengère,Cohani,Noémie,Hintz-Keebler,+359 (146) 428-0206,+62 (933) 355-0402
Néhémie,Collis,Célestine,Rosenbaum and Sons,+52 (777) 150-4420,+63 (927) 281-3960
Anaé,Schriren,Médiamass,Franecki and Sons,+86 (316) 365-5708,+235 (292) 161-5085
Léandre,Shanks,Eloïse,Carroll-Cassin,+62 (676) 998-3247,+48 (386) 692-5004
Cloé,Scough,Kuí,"Harber, Shanahan and Schimmel",+81 (450) 950-9724,+7 (494) 227-1113
Irène,Fery,Andréa,"Streich, Grant and Ruecker",+33 (458) 210-4972,+57 (717) 521-0857
Håkan,Rounsefull,Cunégonde,Lemke Inc,+86 (417) 357-2753,+86 (840) 552-7925
Nuó,Spire,Wá,Stark-Sporer,+54 (481) 152-1322,+86 (101) 488-0492
Lóng,Treneman,Eléonore,"Lesch, Farrell and Renner",+970 (974) 347-0851,+55 (242) 215-6345
Méline,Dugall,Dafnée,Brown Inc,+92 (612) 741-9250,+86 (404) 920-4944
Eléonore,Laker,Gösta,"Hane, Quitzon and Howe",+86 (531) 921-7914,+62 (127) 144-3147
Mélissandre,Rowden,Cinéma,Hoeger-Parker,+86 (985) 742-3128,+86 (245) 452-8460
Eléonore,Kennon,Ophélie,"Yost, Crist and Ortiz",+86 (817) 259-5721,+86 (750) 805-0549
Séverine,Marchbank,Géraldine,Schumm and Sons,+51 (724) 852-1779,+33 (924) 897-9361
Yáo,Mahedy,Mylène,Wyman Inc,+591 (397) 116-2385,+86 (752) 130-4836
Göran,Alentyev,Gaëlle,Auer and Sons,+27 (983) 331-0925,+351 (603) 380-5381
Marie-hélène,Vasilkov,Vénus,Effertz-Flatley,+55 (638) 261-7784,+380 (270) 605-7157
Cunégonde,Eagar,Estève,Rau Inc,+351 (485) 748-2889,+86 (999) 960-7760
Loïca,Suttie,Garçon,Labadie Group,+48 (183) 367-1510,+63 (225) 776-3132
Gisèle,Waldrum,Mylène,Gutmann Inc,+86 (441) 371-3214,+86 (657) 140-9389
Marie-ève,Inglesfield,Mélodie,MacGyver-Schuster,+502 (296) 475-2603,+62 (828) 144-1394
Sòng,Laddle,Anaëlle,Bergnaum Group,+30 (138) 775-7863,+48 (830) 497-3096
Lóng,Ghiraldi,Géraldine,"Goodwin, O'Connell and Braun",+86 (112) 800-4317,+507 (708) 969-5961
Yáo,Fance,Andréa,"O'Conner, Murazik and Ankunding",+237 (703) 379-0077,+420 (843) 800-9522
Josée,Sheavills,Märta,"Funk, Hessel and Sporer",+86 (273) 697-5735,+673 (447) 819-6551
Zhì,Comfort,Vénus,Mills Group,+46 (790) 526-0762,+98 (549) 480-6754
Léone,Babber,Gérald,Ziemann-Rosenbaum,+507 (789) 299-3083,+265 (506) 792-4518
Stéphanie,Angelo,Göran,Jast-Ortiz,+33 (260) 987-0636,+973 (324) 660-3441
Angèle,Collings,Séréna,"Schneider, Tromp and Heidenreich",+33 (275) 372-2632,+86 (390) 153-3718
Océanne,Lacroix,Yóu,"Mosciski, Nader and Spencer",+86 (583) 875-3652,+7 (818) 447-7930
Geneviève,Benedikt,Tú,"Kessler, Glover and Schroeder",+48 (353) 246-4004,+963 (198) 258-2616
Pò,Maddra,Danièle,Wintheiser-Weber,+86 (475) 356-6825,+55 (159) 635-1610
Marlène,Stopps,Stéphanie,"Goodwin, Nitzsche and Hauck",+506 (331) 418-2767,+86 (603) 542-4960
Wá,Goodday,Eugénie,O'Connell LLC,+380 (513) 927-0672,+62 (181) 383-4177
Vénus,Wolvey,Gisèle,"Carroll, McDermott and Kuvalis",+62 (322) 453-9113,+30 (328) 115-2952
Björn,Beddows,Judicaël,"Durgan, Schimmel and Simonis",+7 (814) 426-2172,+86 (560) 502-7505
Kù,Birth,Lèi,Hoppe Group,+358 (344) 823-8059,+507 (444) 833-9957
Intéressant,Luetkemeyers,Esbjörn,Labadie-Okuneva,+1 (712) 732-4285,+54 (813) 711-9477
Edmée,Boyda,Dafnée,Lehner-Beahan,+60 (130) 918-9699,+62 (592) 281-4580
Léane,Sinnock,Mélinda,"Jacobi, Breitenberg and Hintz",+962 (318) 318-4286,+86 (615) 950-1298
Publicité,Mathevet,Märta,Stoltenberg-Funk,+62 (724) 583-2153,+382 (513) 863-6608
Mahélie,Gibbeson,Fèi,"Upton, Shanahan and Boehm",+386 (999) 178-1652,+55 (958) 409-5923
Océanne,Foulcher,Aloïs,Huels-Herzog,+46 (366) 762-5977,+590 (218) 368-7035
Märta,Wigsell,Bénédicte,Becker-Fritsch,+86 (824) 743-9035,+53 (496) 138-5421
Salomé,Noot,Michèle,Gusikowski and Sons,+62 (298) 396-1319,+86 (456) 192-1479
Loïc,Jubert,Amélie,"Stroman, Jaskolski and Altenwerth",+63 (927) 835-1246,+33 (708) 438-7197
Rébecca,Everix,Rachèle,Bruen Inc,+86 (452) 516-0003,+62 (165) 723-2965
Inès,Guerro,Göran,"Botsford, Tillman and Durgan",+359 (644) 468-2421,+62 (679) 337-1854
Michèle,Camock,Eléonore,Gusikowski-Treutel,+55 (525) 122-9336,+351 (775) 967-6113
Mélina,Hearsey,Yú,Little Inc,+358 (336) 911-0750,+64 (512) 350-0883
Liè,Vlasenko,Simplifiés,"Stamm, Bartoletti and Pacocha",+86 (846) 328-9801,+1 (499) 647-9764
Garçon,Schoolfield,Marie-noël,Beier-Kautzer,+420 (776) 591-8691,+1 (986) 488-1689
Noëlla,Jeannenet,Marlène,Welch Inc,+599 (105) 926-3162,+55 (129) 337-9046
Annotés,Longina,Almérinda,"Rath, Hamill and Veum",+86 (862) 275-6932,+66 (120) 457-7019
Mårten,Channer,Yú,Hodkiewicz-Goyette,+976 (636) 505-4464,+66 (661) 351-9755
Uò,Dowglass,Salomé,Bradtke-Dickinson,+86 (589) 820-4969,+420 (393) 576-9168
Méthode,Revitt,Cécilia,Ankunding Inc,+44 (231) 360-1990,+51 (755) 872-5868
Léonie,Prandi,Faîtes,"Harvey, Keeling and Rempel",+55 (421) 556-8013,+46 (975) 298-0275
Estée,Midner,Maëlann,Raynor Inc,+62 (397) 927-9809,+86 (868) 589-7864
Michèle,Armfield,Loïca,Kihn LLC,+48 (706) 686-9700,+591 (115) 692-5403
Cécilia,Joppich,Estée,Botsford and Sons,+27 (286) 376-2833,+263 (671) 787-8421
Maëlys,Carlaw,Laurène,Dooley-Powlowski,+7 (374) 348-3870,+86 (786) 605-6198
Mà,Ruvel,Gaétane,"Hand, Hayes and Mueller",+81 (911) 361-5787,+81 (553) 769-9645
Noémie,Harling,Andréa,"Bradtke, McGlynn and Hammes",+1 (469) 145-3254,+86 (778) 816-4752
Annotés,Mallion,Mélodie,"Grimes, Thompson and Schmeler",+86 (273) 110-1743,+46 (920) 375-9786
Clémentine,Greason,Aí,"Kerluke, Dietrich and Willms",+86 (108) 651-8025,+63 (375) 268-8519
Lorène,Alwood,Thérèsa,"Erdman, Labadie and Champlin",+382 (991) 879-4033,+27 (357) 332-4860
Chloé,Fawcus,Célia,Schinner-Hackett,+385 (575) 408-4170,+351 (217) 942-7786
Göran,Cicetti,Judicaël,Sanford LLC,+66 (721) 337-5589,+267 (695) 904-3203
Cléopatre,Canny,Yú,"Kulas, Leffler and Dach",+62 (621) 230-2825,+62 (715) 297-9576
Hélèna,Mish,Andrée,Ortiz-Larson,+251 (506) 504-0786,+351 (752) 794-2255
Géraldine,MacQuarrie,Miléna,"Herzog, Kemmer and Boyle",+45 (642) 911-4335,+374 (161) 491-1501
Thérèse,Spiteri,Mélodie,Anderson Group,+86 (972) 189-0405,+86 (947) 664-0097
Magdalène,MattiCCI,Maïwenn,Stokes LLC,+51 (680) 322-6629,+33 (169) 998-3228
Andrée,Paine,Maïlis,Lehner LLC,+86 (796) 989-8913,+33 (168) 704-2385
Anaé,Cran,Åke,Hessel-Roob,+62 (409) 860-7961,+86 (535) 126-8482
Méryl,Sherington,Yénora,"Weber, Rosenbaum and Pouros",+381 (987) 865-8140,+389 (461) 436-6035
Anaé,Snedden,Dù,Glover-Cassin,+48 (313) 815-8503,+63 (842) 574-2583
Pélagie,Wooffinden,Styrbjörn,"Cremin, MacGyver and Schinner",+976 (781) 551-1944,+34 (562) 178-2527
Josée,Charopen,Andréa,Pacocha-Ledner,+54 (827) 837-7127,+47 (540) 773-2328
Liè,Boatright,Mélinda,Emard-Runte,+254 (638) 135-7480,+66 (193) 992-7111
Léonie,Ghion,Maïlys,Dooley Group,+1 (801) 779-4522,+63 (560) 871-1064
Méline,Cleevely,Maïwenn,Mante and Sons,+66 (943) 794-6006,+62 (488) 970-3112
Maïly,Sallis,Maëline,"Parisian, Leffler and Jacobs",+62 (256) 229-9351,+234 (604) 475-3245
Kuí,Birtle,Marie-hélène,Mitchell-Tromp,+420 (644) 194-0584,+389 (972) 274-8646
Cléopatre,Trevorrow,Anaël,Cremin LLC,+33 (939) 963-4437,+33 (131) 446-7174
Estève,Luckie,Anaël,Cole and Sons,+62 (588) 532-1874,+62 (865) 293-3857
Michèle,Udell,Méthode,Strosin-Osinski,+86 (191) 284-2064,+86 (102) 694-2169
Océane,Mordey,Liè,Murazik-Casper,+48 (948) 233-3834,+355 (640) 773-1958
Pélagie,Carsberg,Lóng,"Cummerata, Doyle and Purdy",+84 (647) 849-6360,+358 (206) 641-8220
Táng,Gerdes,Joséphine,"Jacobi, Runolfsdottir and Hoeger",+420 (840) 832-6602,+84 (729) 126-7120
Cléa,Holtham,Solène,Hackett-Sporer,+86 (836) 631-1432,+62 (355) 820-6315
Alizée,Kmieciak,Estée,"Heidenreich, Bashirian and Leuschke",+351 (337) 676-5506,+86 (280) 717-0247
Faîtes,Jeandeau,Eliès,"Kilback, Hintz and Ritchie",+62 (856) 648-3592,+62 (832) 824-5776
Annotée,Nitti,Görel,Schowalter LLC,+27 (765) 748-8581,+62 (804) 237-8855
Andréa,Anthony,Véronique,Wilderman-Fritsch,+420 (558) 883-1740,+63 (293) 421-6489
Kallisté,Antwis,Börje,McDermott and Sons,+93 (182) 129-7499,+355 (337) 644-6382
Néhémie,Toyne,Wá,Schimmel-Reichert,+7 (337) 861-9387,+351 (782) 177-0843
Léana,Garmston,Anaïs,Kirlin Inc,+30 (721) 368-6424,+1 (202) 599-7717
Edmée,Cawthron,Chloé,Kovacek-Mertz,+63 (253) 656-4150,+260 (949) 679-6158
Estève,Cromly,Adèle,Weissnat-Pfannerstill,+48 (467) 526-5580,+63 (776) 728-7982
Gérald,Blaisdell,Rébecca,"Considine, Brakus and Reynolds",+1 (516) 738-8486,+386 (405) 522-9333
Ophélie,Oury,Gaëlle,Kirlin-Daniel,+86 (871) 799-6909,+216 (124) 364-8103
Gwenaëlle,Darnell,Táng,"Fritsch, Nicolas and Conn",+63 (323) 897-8288,+30 (260) 330-8395
Eugénie,Vayne,Yóu,Lowe and Sons,+52 (134) 520-8303,+86 (143) 766-2963
Estée,Driffield,Maïlys,"Heller, Fisher and Will",+7 (637) 247-2094,+244 (729) 897-4562
Lóng,Cheeseman,Réjane,Cruickshank-Feeney,+48 (488) 220-4582,+57 (598) 959-7985
Laïla,Lindelof,Ophélie,Wisoky-Crist,+86 (851) 451-8844,+33 (203) 298-8052
Sélène,Spradbery,Pò,"Beier, McLaughlin and Renner",+234 (506) 134-2036,+51 (291) 143-8621
Loïc,Dawidsohn,Fèi,"Mohr, Ritchie and Prohaska",+7 (810) 732-4992,+505 (342) 150-2878
Michèle,McBeith,Maïté,Schiller-Jacobi,+86 (967) 415-1604,+48 (206) 872-7228
Océanne,Bertrand,Régine,O'Connell-Watsica,+62 (983) 987-0825,+1 (262) 940-9834
Françoise,Abrahamian,Illustrée,Nolan LLC,+86 (357) 946-9899,+351 (798) 289-1803
Annotés,Savage,Magdalène,"Shields, Cormier and Turcotte",+7 (713) 717-8991,+592 (572) 349-0218
Maëlys,Jarman,André,Dare-Hegmann,+7 (318) 584-8295,+63 (348) 470-4271
Maëlann,Verny,Östen,"Zemlak, Carter and Stamm",+86 (875) 837-3372,+86 (640) 697-9922
Marie-thérèse,Senchenko,Kévina,Dickens-Grady,+212 (376) 428-5631,+86 (705) 778-5047
Dafnée,Tomczykiewicz,Clémence,Lubowitz LLC,+51 (902) 773-0225,+33 (269) 463-9381
Nadège,Auld,Styrbjörn,Olson Inc,+502 (991) 353-4779,+63 (944) 716-4876
Esbjörn,Prophet,Chloé,Goldner-Emmerich,+351 (933) 585-4238,+86 (433) 409-8797
Gaëlle,Wickling,Mélia,Larkin-Wisoky,+63 (904) 444-1278,+86 (897) 494-8104
Loïs,Skase,Nuó,Kozey Group,+63 (926) 674-7865,+62 (453) 265-9920
Zhì,McGinn,Hélèna,Olson-Schumm,+86 (766) 153-7585,+351 (416) 566-7048
Irène,Giacomello,Pål,Mueller-Williamson,+52 (521) 809-5860,+86 (981) 792-3818
Gaëlle,Doody,Yénora,Feeney-Walter,+48 (991) 667-1076,+86 (618) 640-1525
Néhémie,Laskey,Dorothée,"Green, Olson and Wisozk",+383 (586) 815-6035,+57 (604) 518-2001
Nuó,Grigoletti,Marie-thérèse,Beahan-Abernathy,+81 (773) 120-6254,+48 (802) 415-4891
Nélie,Lohden,Rébecca,"Oberbrunner, Smitham and Conroy",+420 (939) 555-5590,+7 (312) 857-7693
Géraldine,Bodycote,Maëlys,Stark LLC,+86 (212) 374-0127,+63 (588) 540-7634
Maëly,Ciccarelli,Maëly,Jacobi Inc,+7 (784) 981-3613,+55 (306) 602-7566
Réjane,De Goey,Yénora,Lemke and Sons,+62 (303) 383-0117,+963 (149) 177-7822
Agnès,McGarrell,Geneviève,Sporer-Haley,+216 (325) 266-7353,+55 (475) 514-1661
Tán,Brimblecomb,Séréna,Graham-Kub,+257 (605) 302-2898,+55 (407) 242-1838
Lorène,MacKeeg,Estée,"Greenholt, Kozey and Robel",+7 (334) 445-3911,+33 (810) 983-1045
Marie-josée,Bunclark,Marie-josée,Morar-Macejkovic,+7 (900) 950-7121,+63 (333) 503-1089
Dù,Algore,Anaëlle,Hudson-Gerlach,+86 (323) 309-6833,+52 (409) 675-0946
Méline,Olin,Uò,"Crooks, Welch and Huel",+267 (674) 317-3817,+351 (724) 803-2485
Maëlyss,Redgrove,Léana,Lynch Group,+66 (368) 732-0335,+7 (476) 221-3345
Clémentine,Simoneschi,Maïwenn,"Klocko, Stamm and Nikolaus",+47 (656) 797-6096,+1 (645) 979-8756
Marie-josée,Starrs,Börje,Trantow Group,+380 (915) 542-2653,+63 (861) 883-9982
Inès,Memory,Véronique,"Hegmann, Harvey and Ankunding",+63 (215) 343-6591,+33 (635) 824-8351
Dà,Olliffe,Marylène,Kessler-Waelchi,+591 (868) 442-7932,+260 (880) 371-2875
Sélène,Bowry,Garçon,Toy Inc,+48 (204) 453-6430,+62 (172) 353-7675
Laïla,Howden,Gaëlle,Becker-Farrell,+212 (662) 879-3795,+62 (564) 533-0294
Aloïs,McDonell,Styrbjörn,"Wunsch, Hyatt and West",+81 (372) 625-7207,+86 (996) 299-2640
Clémence,Trowsdale,Eléonore,Wiza-Barrows,+52 (567) 650-7916,+351 (491) 579-4176
Cléa,Espinosa,Torbjörn,"Stanton, Stokes and Fay",+48 (883) 668-7213,+354 (829) 717-1731
Yáo,Antonovic,Maëline,Johnston Inc,+86 (966) 901-3441,+260 (770) 993-6128
Régine,Loughead,Zhì,"Schiller, Cummings and Corkery",+380 (924) 417-9523,+57 (348) 428-7218
Judicaël,Brumble,Bécassine,"Cruickshank, Weimann and Trantow",+48 (774) 480-3464,+94 (881) 206-5279
Cléopatre,Muncey,Béatrice,Franecki LLC,+86 (442) 771-2864,+595 (511) 248-1235
Léa,Blanque,Mà,Ankunding-Ledner,+86 (409) 682-7418,+86 (960) 879-7032
Uò,Moring,Cloé,"Mayer, Gleason and Nicolas",+62 (904) 447-4209,+32 (280) 997-4717
Cécilia,Scurfield,Célia,Pacocha-Pfeffer,+7 (193) 544-6303,+62 (858) 807-4066
Lài,Wheater,Ráo,Koepp-Schuster,+58 (775) 376-4248,+63 (729) 381-3992
Eléonore,Dryburgh,Anaëlle,Ledner Group,+86 (527) 861-0589,+63 (435) 685-5530
Anaël,Strute,Renée,"Hodkiewicz, Krajcik and Spencer",+1 (562) 973-6159,+212 (412) 395-9373
Gwenaëlle,Scrivenor,Méghane,Sanford Inc,+62 (710) 760-6019,+385 (386) 534-5239
Crééz,Yashin,Méthode,Abshire-Konopelski,+33 (177) 478-0557,+33 (632) 170-3548
Kallisté,Restieaux,Kallisté,Mitchell Inc,+351 (619) 540-1840,+49 (247) 452-6171
Maïté,Balmadier,Géraldine,Marvin and Sons,+1 (269) 428-2766,+48 (654) 142-1769
Séréna,Chaves,Néhémie,Koch-Keebler,+1 (704) 596-6157,+93 (395) 987-1569
Andréa,Brougham,Naéva,Leannon and Sons,+7 (274) 309-7817,+7 (374) 461-6465
Léonie,Danahar,Dafnée,Kessler LLC,+46 (882) 527-8651,+55 (933) 656-4355
Eléa,McGrory,Kù,Homenick-Gislason,+351 (904) 441-7928,+967 (291) 408-6254
Fèi,Chinnock,Alizée,Turner-Boehm,+48 (533) 189-5408,+351 (967) 390-0989
Gaëlle,Sime,Adèle,Marvin Inc,+372 (143) 144-2909,+98 (612) 773-0683
Sélène,Andriss,Estève,Schowalter-Schuster,+55 (571) 229-6706,+7 (250) 651-8980
Yáo,Balma,Bérengère,Stanton-Runolfsdottir,+591 (366) 780-5365,+1 (212) 806-6681
Björn,Collin,Gaétane,Crona and Sons,+62 (625) 237-5423,+351 (439) 467-6913
Ophélie,Vasin,Börje,Reilly-Mann,+86 (794) 490-7041,+86 (356) 607-3092
Néhémie,Morewood,Yáo,Bailey and Sons,+86 (668) 217-6012,+63 (475) 336-4946
Desirée,Base,André,O'Conner Inc,+81 (273) 816-2844,+47 (545) 666-4372
Rachèle,Surr,Laïla,Connelly-Jacobs,+62 (565) 619-3268,+62 (781) 262-8341
Gérald,Grahlman,Loïc,Mueller Inc,+351 (789) 857-0277,+51 (950) 979-5721
Styrbjörn,O'Docherty,Chloé,"Weber, Raynor and Grady",+86 (201) 797-5289,+55 (990) 292-5456
Naëlle,MacGiolla,Sòng,Haag LLC,+46 (744) 493-2282,+33 (631) 495-3145
Anaé,Mallon,Lauréna,Morissette Inc,+380 (931) 441-5795,+66 (330) 413-5087
Valérie,Chichgar,Almérinda,Larkin-Larkin,+502 (745) 770-1746,+92 (899) 490-1170
Gérald,Antognozzii,Maëlann,Legros-Mohr,+55 (340) 780-0065,+351 (646) 592-4275
Mélys,McClements,Maïlis,Mills-Hermann,+351 (433) 810-0545,+375 (236) 747-2090
Edmée,Riddell,Geneviève,Grady-Lowe,+86 (851) 513-9958,+371 (531) 646-9660
Marylène,Josilowski,Adélie,"Schneider, Dibbert and Sporer",+20 (458) 332-0971,+380 (286) 360-7073
Östen,Mongin,Dorothée,Stehr Inc,+7 (217) 279-1863,+86 (100) 645-7518
Hélène,Pettyfer,Kù,Koepp and Sons,+46 (947) 465-4823,+62 (799) 477-9056
Hélène,Rolling,Nélie,Gleason Group,+86 (123) 587-1181,+63 (517) 987-3983
Yénora,Fernando,Béatrice,Jerde LLC,+256 (396) 752-6416,+420 (731) 353-6553
Maïly,Ling,Personnalisée,Ritchie LLC,+86 (122) 694-3082,+86 (397) 361-7897
Agnès,Kingsmill,Annotée,Kuhic Inc,+62 (857) 748-0799,+81 (782) 519-2033
Léone,Pickering,Jú,Shields Inc,+60 (540) 776-4120,+62 (379) 115-2305
Maëlle,Spofford,Märta,Powlowski-Legros,+86 (773) 133-2083,+7 (164) 601-9438
Clémence,Wyvill,Görel,McDermott LLC,+33 (149) 982-8460,+256 (225) 585-2559
Eléonore,Johananov,Åslög,Mitchell-Fadel,+234 (423) 839-5971,+62 (269) 711-5568
Cécile,Andreacci,Aurélie,"Frami, Schiller and Harris",+86 (659) 810-8536,+46 (332) 222-6684
Pénélope,Kleinpeltz,Wá,"Williamson, Hermiston and Stiedemann",+86 (916) 845-1318,+86 (803) 767-2049
Mélina,Bowlesworth,Maëline,Denesik LLC,+234 (221) 956-2918,+386 (587) 691-5803
Félicie,Hearons,Eléonore,"Jacobs, Kuphal and Weber",+86 (472) 100-9524,+593 (775) 284-2257
Måns,Grinley,Yáo,Bergstrom and Sons,+234 (287) 373-4973,+63 (700) 824-5022
Estée,Baglin,Alizée,"Bartell, Pagac and Veum",+7 (609) 640-2386,+86 (548) 992-7938
Maëlla,Lodeke,Uò,"Morissette, Buckridge and Romaguera",+86 (971) 961-4890,+993 (839) 164-6224
Daphnée,Eburne,Anaëlle,Mante Inc,+62 (832) 987-7960,+86 (412) 683-0404
Cléa,Lenchenko,Mégane,Nitzsche-Bosco,+62 (470) 680-0683,+51 (506) 760-2952
Loïc,Steggals,Camélia,Nader Group,+994 (306) 999-2855,+46 (793) 169-0304
Simplifiés,Abrehart,Nadège,Spencer-Hermiston,+7 (406) 301-1671,+48 (281) 445-3987
Loïc,Rantoull,Illustrée,Hane LLC,+49 (604) 494-5104,+380 (877) 310-8110
Mélys,Washington,Lauréna,"Runolfsdottir, Wuckert and Kunze",+86 (273) 796-3473,+62 (143) 961-5102
Maï,Olyfat,Mårten,"Sauer, Glover and Considine",+351 (444) 936-0362,+33 (461) 633-7291
Inès,Townend,Gösta,"Reinger, Kemmer and Walsh",+39 (169) 365-5850,+62 (178) 695-2871
Lài,Pitney,Mélinda,Koch-Homenick,+62 (304) 836-7702,+62 (180) 428-8484
Tán,Padilla,Adélie,Fay-Senger,+218 (711) 320-3073,+62 (836) 584-0265
Léandre,Clyburn,Märta,Kshlerin-Kemmer,+7 (528) 529-8018,+86 (190) 551-1064
Renée,Heinzler,Méline,Mueller LLC,+7 (493) 256-4777,+1 (203) 395-6067
Estée,McCart,Görel,Cummerata Group,+30 (514) 550-6564,+46 (920) 826-9808
Åke,Beardsdale,Céline,Streich-Grant,+249 (428) 566-7886,+86 (993) 538-6584
Maëline,Clewer,Léana,"Steuber, Lebsack and Paucek",+375 (747) 994-7326,+351 (226) 608-5749
Uò,Scurrer,Salomé,Schowalter Group,+386 (919) 234-7367,+63 (810) 447-3741
Salomé,Labone,André,"Kiehn, Lesch and Ruecker",+62 (554) 373-1526,+63 (720) 638-9006
Maïly,Rimell,Yú,"Gusikowski, Kutch and Huel",+33 (323) 141-0015,+420 (417) 963-0068
Adélie,Crottagh,Méthode,Renner Inc,+351 (960) 159-9112,+33 (493) 539-6568
Aurélie,Machans,Lài,Gibson LLC,+57 (320) 258-5864,+62 (785) 665-2298
Bérangère,Kilius,Laurène,Turner LLC,+55 (179) 518-7057,+506 (920) 890-0774
Gösta,Gettings,Bérénice,Hilpert-Kuhic,+420 (877) 978-0557,+81 (806) 616-1400
Bécassine,Karpushkin,Bérangère,Hodkiewicz-Armstrong,+254 (640) 292-6109,+63 (616) 692-6981
Marie-hélène,Sudron,Réjane,Legros Group,+84 (498) 541-7384,+62 (639) 504-8078
Maëlle,Minithorpe,Loïs,Schuster-Rohan,+963 (691) 774-2332,+62 (829) 237-8705
Angélique,Condit,Renée,Klocko and Sons,+994 (412) 673-0747,+86 (794) 803-7590
Jú,Andrei,Anaïs,Hudson-Okuneva,+358 (205) 990-6979,+1 (106) 495-1576
Bécassine,Gorrie,Lài,Krajcik LLC,+62 (674) 864-6843,+48 (905) 979-6862
Crééz,Potticary,Maëlla,Keebler-Emard,+55 (629) 192-0165,+222 (673) 166-9125
Josée,Tumasian,Maïté,"Borer, Aufderhar and Schroeder",+261 (659) 683-8819,+1 (412) 986-0393
Andrée,Kurton,Cléa,Nienow-Rolfson,+46 (637) 646-4671,+993 (906) 451-1387
Réjane,Drinkall,Cléopatre,Wiza Group,+1 (260) 700-9261,+60 (859) 987-8011
Simplifiés,Colvie,Mélina,Legros-Streich,+86 (693) 380-8596,+62 (360) 816-0040
Lóng,Kops,Maï,Swaniawski-Mayer,+970 (253) 180-3939,+48 (738) 574-8242
Clélia,Dalston,Eloïse,Hammes Inc,+7 (629) 786-2493,+86 (503) 481-0429
Cléopatre,Jeanel,Åsa,Nolan Group,+1 (689) 804-6740,+46 (530) 143-6435
Zhì,Tolworthy,Fèi,"Pfannerstill, Dickens and Jaskolski",+86 (177) 107-2539,+86 (306) 934-4878
Célia,Blakely,Marie-josée,"Pollich, Pfannerstill and Wehner",+66 (747) 147-1328,+351 (971) 534-2245
Kuí,Crus,Léonie,Anderson Group,+255 (962) 639-8652,+66 (185) 862-2255
Wá,Armytage,Ráo,"Hayes, Morar and Greenfelder",+62 (430) 496-2312,+30 (373) 331-4733
Yú,Shildrake,Ophélie,Schamberger LLC,+63 (764) 153-6219,+48 (963) 253-7619
Médiamass,Keemer,Solène,Welch Inc,+33 (263) 575-9098,+48 (990) 394-6406
Aí,Bonnette,Edmée,"Bailey, Tremblay and O'Reilly",+54 (764) 948-7901,+62 (428) 462-0489
Véronique,Nichol,Loïca,Luettgen LLC,+86 (699) 138-2937,+996 (714) 378-2696
Pò,Arrundale,Styrbjörn,"Cruickshank, Lehner and Hilll",+63 (642) 187-2210,+86 (880) 488-1333
Magdalène,Mander,Marie-ève,Rolfson and Sons,+62 (935) 380-8587,+689 (556) 709-5906
Médiamass,Barbara,Aloïs,Little-Green,+420 (861) 213-7408,+375 (627) 144-2861
Eléonore,Harteley,Táng,Schultz-Moen,+7 (559) 642-3248,+47 (333) 465-8816
Léonore,Hansard,Méline,Bogisich and Sons,+7 (133) 744-0438,+7 (398) 215-9424
Rébecca,Ainslee,Marie-françoise,Corkery Inc,+63 (741) 295-2074,+63 (346) 970-8523
Maïwenn,Penwright,Aí,Rogahn-Bayer,+52 (618) 424-6618,+55 (616) 181-6617
Réjane,Sharer,Almérinda,Bailey and Sons,+7 (889) 597-8956,+261 (256) 725-1787
Chloé,Cassam,Annotée,Smith LLC,+503 (161) 557-7344,+251 (840) 270-1201
Méthode,Zarfati,Marie-thérèse,Tillman Group,+30 (255) 367-4524,+62 (573) 947-3290
Eléonore,Prudham,Ráo,Feeney LLC,+55 (753) 871-8477,+27 (319) 405-3781
Kù,Milverton,Yáo,Murphy and Sons,+7 (868) 179-7378,+86 (699) 498-9783
Médiamass,Rudland,Bénédicte,Gerlach Inc,+351 (430) 906-4254,+86 (920) 947-8606
Nuó,Littlejohn,Aloïs,Baumbach-Waelchi,+48 (684) 941-0010,+62 (578) 116-7780
Agnès,Suermeiers,Irène,Bashirian-Tillman,+86 (261) 119-2128,+7 (199) 859-0160
Sòng,Casey,Maïté,Russel-Friesen,+1 (797) 396-3020,+63 (106) 518-4870
Gisèle,Licciardo,Laïla,Rohan-Jacobs,+420 (856) 580-7733,+387 (521) 530-8265
Bérengère,Story,Laurélie,Reichel Group,+55 (824) 296-6404,+55 (956) 812-7632
Maëly,Sponton,Félicie,"Stamm, Rippin and Rau",+86 (992) 535-8739,+375 (999) 444-5131
Mårten,Colcutt,Marylène,"Bernhard, Kreiger and Schuster",+86 (750) 584-1012,+51 (441) 859-7257
Clémentine,Bullant,Aí,"Schumm, Hahn and Boehm",+386 (396) 228-2529,+255 (392) 731-3862
Séréna,Urwen,Ophélie,McLaughlin-Schulist,+48 (669) 386-4720,+63 (468) 823-2356
Jú,Cinnamond,Intéressant,"Mosciski, Morar and Casper",+66 (729) 347-4228,+86 (744) 211-1179
Réjane,Burde,Maëlla,Bogisich-Kozey,+48 (385) 364-1851,+62 (358) 998-2342
Gérald,Bottell,Laurène,Schuppe-Marvin,+33 (791) 250-9224,+86 (338) 247-9929
Annotés,Chatterton,Kù,Wolff-Volkman,+86 (454) 605-2699,+504 (335) 745-9512
Adélaïde,Deveril,Clémence,"Murray, Deckow and Rolfson",+351 (490) 751-1017,+380 (555) 733-2814
Hélène,Righy,Bérangère,Hartmann-Kunze,+81 (575) 986-6670,+86 (457) 496-8255
Séréna,McClay,Agnès,Raynor and Sons,+55 (686) 735-2357,+86 (766) 532-4545
Françoise,Brelsford,Léana,Fahey-Purdy,+380 (506) 582-6319,+63 (706) 904-8652
Cléa,Kewzick,Audréanne,"Champlin, Herzog and Reichert",+86 (496) 779-1026,+62 (176) 471-1103
Örjan,Tertre,Örjan,"Nader, Hammes and O'Hara",+62 (359) 887-8880,+62 (432) 542-4884
Garçon,Grishechkin,Crééz,Kris-Kshlerin,+976 (304) 241-3631,+54 (335) 920-8901
Märta,Bunston,Táng,Dach LLC,+62 (316) 136-0729,+62 (873) 612-9429
Tán,Tansey,Maïly,"Parisian, Mills and O'Reilly",+420 (552) 853-3977,+351 (203) 161-7251
Håkan,Alvey,Béatrice,Towne Inc,+54 (980) 739-0578,+359 (322) 134-4562
Crééz,Wapplington,Liè,Powlowski Inc,+86 (846) 252-7611,+254 (574) 266-9561
Daphnée,Thorsen,Félicie,Lakin-Hermiston,+62 (505) 782-0809,+62 (685) 321-3155
Geneviève,Cannam,Yáo,Auer and Sons,+7 (902) 269-7447,+7 (334) 562-3475
Valérie,Corcoran,Agnès,"Schulist, Murphy and Rice",+62 (130) 391-0869,+385 (670) 691-6534
Maï,Ramsdale,Angélique,"Schumm, Kuvalis and Hettinger",+48 (603) 515-1985,+420 (374) 492-5758
Maïwenn,Pestridge,Dù,Parisian-O'Hara,+381 (795) 597-4888,+504 (687) 501-0512
Nuó,Tunaclift,Aloïs,"Huel, Steuber and Towne",+62 (634) 994-9287,+86 (696) 154-8192
Bérengère,Graysmark,Estée,Block Group,+55 (494) 339-4074,+380 (437) 402-0171
Médiamass,Velez,Personnalisée,"Rohan, Johns and Doyle",+595 (954) 870-6539,+420 (929) 905-7277
Frédérique,Whithalgh,Eliès,Macejkovic LLC,+55 (309) 737-8610,+51 (365) 870-8471
Gaïa,Geroldo,Anaïs,"Ortiz, Mitchell and Jacobi",+355 (510) 540-6887,+86 (720) 438-6942
Bérénice,Haxley,Andréa,"Bayer, Padberg and Hahn",+86 (746) 430-1643,+86 (229) 539-1733
Cécilia,Gathwaite,Anaé,Auer and Sons,+86 (360) 271-9046,+46 (328) 678-0792
Loïca,Cawse,Publicité,Lang-Wisoky,+62 (443) 705-2572,+81 (286) 127-4707
Méline,Firebrace,Géraldine,Cole LLC,+33 (585) 920-2882,+86 (835) 152-9946
Eloïse,Ornells,Médiamass,Cruickshank-Kris,+55 (936) 423-3159,+507 (483) 235-1899
Athéna,Crummy,Loïca,Doyle-Sipes,+63 (682) 566-8104,+86 (981) 781-5169
Irène,Scollan,Béatrice,Pollich Group,+86 (535) 855-1716,+53 (402) 273-3467
Thérèsa,Frantz,Maïlis,"Stiedemann, Bradtke and Nienow",+51 (747) 904-0613,+212 (283) 631-8320
Dorothée,Ankrett,Yè,Renner and Sons,+46 (460) 439-4686,+420 (160) 799-9885
Mén,Assante,Nélie,Okuneva-Durgan,+86 (521) 902-0038,+7 (966) 232-8962
Renée,Halesworth,Lorène,"Luettgen, Borer and Schimmel",+227 (575) 619-0701,+86 (748) 726-8467
Françoise,Woolley,Desirée,O'Hara-Kuhic,+62 (376) 984-1016,+86 (176) 142-8061
Félicie,Crockley,Geneviève,Mosciski-Wuckert,+48 (934) 925-6871,+63 (611) 868-7473
Yè,Stanlick,Eléonore,Olson-Lubowitz,+86 (964) 719-3210,+62 (464) 968-3710
Cécile,Tyrwhitt,Salomé,"Mann, Sporer and Kessler",+7 (710) 926-7850,+86 (839) 840-2047
Pélagie,Riolfo,Marie-françoise,Kertzmann LLC,+86 (829) 210-9550,+63 (286) 293-2936
Uò,Krebs,Cécilia,"Schoen, Reichel and Lockman",+30 (425) 425-5546,+1 (212) 298-0771
Célia,Ouchterlony,Joséphine,Ritchie-Schroeder,+381 (979) 242-4319,+86 (313) 892-4000
Kuí,Sang,Desirée,Ondricka-Johnston,+380 (107) 169-7052,+46 (353) 948-2408
Marie-ève,Kid,Miléna,Cummerata LLC,+225 (711) 500-4340,+62 (145) 135-6563
Märta,Aggis,Torbjörn,Kirlin-Nikolaus,+358 (510) 437-7176,+420 (325) 761-7650
Torbjörn,Rogans,Simplifiés,"Flatley, Bernier and Schumm",+49 (972) 966-5769,+7 (210) 647-9780
Félicie,Osmant,Aurélie,"Reynolds, Bednar and Renner",+372 (604) 165-1223,+86 (427) 793-4705
Lài,Sherwyn,Alizée,Leuschke and Sons,+33 (612) 185-2538,+63 (703) 417-8227
Maëlla,Lambirth,Maïlys,"Welch, Murazik and Schaefer",+62 (768) 954-1041,+62 (737) 280-7741
Géraldine,Tafani,Noémie,Wiza-Wunsch,+1 (784) 408-1860,+86 (354) 699-3603
Danièle,Diwell,Eloïse,Klocko-Hyatt,+62 (252) 867-0565,+86 (715) 923-9278
Mà,Bleddon,Frédérique,Abshire-Langworth,+81 (577) 907-8945,+62 (846) 195-7087
Joséphine,O'Reagan,Torbjörn,Hamill-Daugherty,+7 (722) 962-3453,+255 (950) 934-0130
Maëlann,Attenbrough,Pål,Yost-Rippin,+963 (183) 578-5914,+63 (475) 328-0022
Gérald,Labbet,Cécilia,"Reinger, Cole and Schumm",+62 (937) 132-8849,+48 (381) 753-3832
Laurène,Currey,Dafnée,"Jerde, Emmerich and Ankunding",+7 (111) 520-3206,+507 (997) 641-0588
Almérinda,Norheny,Yóu,Pfannerstill-Jones,+95 (317) 551-3921,+389 (211) 732-8155
Anaël,Balm,Amélie,King-Bernier,+880 (836) 648-5875,+30 (380) 388-3762
Dorothée,Cradey,Adèle,Gulgowski-Hintz,+62 (983) 547-7612,+995 (566) 114-9982
Mélia,Fass,Maëlys,"Flatley, Konopelski and Berge",+86 (511) 910-5036,+352 (573) 366-8729
Maïlys,Nary,Görel,Wiza-Tillman,+66 (906) 542-5023,+351 (347) 980-6364
André,Jossum,Styrbjörn,Huel Inc,+992 (545) 100-4571,+30 (512) 388-3360
Chloé,Furnival,Eléa,"Bernier, Feeney and Luettgen",+234 (952) 543-5325,+963 (719) 373-2434
Eugénie,Angric,Örjan,"Kreiger, O'Connell and Brekke",+7 (677) 562-0619,+509 (953) 949-4988
Séréna,Girodier,Laurène,"Kutch, Stroman and Sipes",+7 (806) 847-4479,+86 (369) 239-7777
Börje,Rubens,Almérinda,Marquardt Group,+381 (777) 343-7823,+63 (479) 990-0659
Gösta,Dowbekin,Marie-noël,Wisoky-McGlynn,+375 (975) 553-5007,+234 (355) 135-1829
Athéna,Tinston,Thérèsa,O'Connell and Sons,+57 (865) 964-0720,+48 (875) 619-8666
Lauréna,Moorcraft,Thérèse,"Volkman, Will and Moore",+850 (150) 684-9070,+256 (690) 112-3143
Yénora,Paute,Yóu,Quigley-Rath,+48 (653) 793-4824,+63 (258) 704-1462
Märta,Carbery,Chloé,Mann-Yundt,+62 (164) 699-4845,+62 (195) 574-9610
Maïwenn,Throssell,Estée,Davis and Sons,+591 (298) 755-3537,+86 (777) 185-0947
Stévina,Le - Count,Léone,Weber LLC,+51 (404) 819-0045,+998 (615) 373-1700
Rachèle,Valerius,Maïté,Haley Group,+66 (301) 426-4620,+7 (108) 411-8198
Cunégonde,Demsey,Maïté,Ward Group,+33 (947) 937-9552,+86 (140) 981-8023
Publicité,Booth-Jarvis,Lorène,"Kreiger, Muller and Ratke",+86 (615) 561-0960,+7 (142) 113-7305
Léane,Akerman,Cloé,"Crona, DuBuque and Auer",+62 (745) 576-2178,+55 (213) 251-6174
Séréna,Gratten,Vénus,"Botsford, Nader and Yost",+86 (288) 212-0794,+351 (824) 322-6174
Agnès,Longthorn,Magdalène,Ankunding-Becker,+46 (482) 592-6861,+7 (924) 352-7662
Néhémie,Pearlman,Réservés,"Fisher, Runolfsson and Weissnat",+380 (768) 425-7732,+353 (317) 236-7143
Méng,Sumpter,Ophélie,Mills-Hand,+351 (531) 505-9788,+358 (849) 556-4947
Håkan,Fronzek,Yè,Bashirian Group,+55 (578) 338-7401,+46 (536) 892-5281
Célia,Fullstone,Crééz,Ryan and Sons,+33 (108) 994-8748,+86 (927) 541-9719
Kuí,Cranney,Dorothée,Nikolaus and Sons,+7 (895) 716-4436,+86 (686) 196-7255
Styrbjörn,Blowfield,Lén,Morar Inc,+86 (346) 207-8591,+57 (245) 193-2158
Marie-thérèse,Defrain,Mélinda,"Cartwright, Aufderhar and Abernathy",+63 (560) 889-3988,+62 (374) 815-7598
Lài,Ugoletti,Maéna,Prohaska-Borer,+93 (835) 191-7463,+55 (942) 934-0838
Gaëlle,Gogerty,Garçon,"Kautzer, Crist and Nicolas",+62 (759) 929-0804,+55 (833) 894-6717
Noëlla,Bassham,Marie-noël,Gulgowski LLC,+86 (417) 555-0605,+48 (969) 885-1614
Sòng,Crosgrove,Gisèle,Gerlach-Stracke,+237 (860) 699-0323,+47 (545) 503-2237
Léone,Bradder,Intéressant,"Brekke, Schowalter and Steuber",+62 (927) 740-1552,+230 (369) 175-7879
Andrée,Downie,Cécilia,"Hilll, Nicolas and Hauck",+86 (293) 497-6292,+86 (731) 132-2764
Pål,Philson,Maïté,Flatley-Wunsch,+386 (139) 135-7014,+7 (624) 527-6147
Océanne,Cowlas,Danièle,"Gibson, Wehner and Reinger",+62 (133) 917-1559,+351 (778) 561-0680
Nélie,Chivers,Gisèle,"Emmerich, Schmidt and Bogan",+7 (188) 704-7724,+251 (927) 991-4038
Eléa,Glamart,Intéressant,Denesik-Stehr,+1 (571) 546-1048,+62 (716) 578-2316
Almérinda,Garci,Vérane,Howe-Bruen,+386 (727) 522-5962,+7 (196) 760-7277
Eléonore,Sanja,Östen,"Schuster, Bartoletti and Johnston",+7 (785) 374-6238,+420 (209) 152-4645
Aí,Ruddock,Edmée,"Hettinger, Klein and Bins",+1 (476) 987-2145,+86 (622) 726-7210
Östen,Redmille,Cloé,"Shanahan, Greenfelder and Bradtke",+46 (605) 521-7096,+253 (644) 212-8353
Clémentine,Matresse,Yú,"Jones, Strosin and Bednar",+227 (406) 165-9249,+66 (753) 307-4806
Mélodie,Churchard,Rébecca,"Crooks, Schumm and Dooley",+62 (110) 669-4455,+7 (103) 844-4626
Åke,Stairmand,Intéressant,Homenick-Mertz,+62 (531) 406-6694,+48 (126) 567-2586
Maïlis,Eymer,Clémentine,"Walker, Barton and Reichert",+244 (944) 663-5546,+86 (475) 490-1187
Vérane,Puddephatt,Görel,Greenholt Inc,+62 (323) 933-0569,+86 (697) 179-8267
Mélinda,Slemming,Gaëlle,Gusikowski-Nicolas,+1 (816) 713-6291,+33 (916) 897-4052
Séréna,Tertre,Kuí,Mills-Emard,+63 (618) 127-9014,+46 (469) 678-1425
Françoise,Carnoghan,Dù,Pouros-Mosciski,+7 (531) 372-8677,+63 (530) 222-8240
Estève,Ashborne,Dorothée,"Schamberger, Schmidt and Gorczany",+55 (650) 732-6846,+598 (518) 826-0719
Maïwenn,Pellew,Bécassine,Okuneva LLC,+53 (218) 947-0619,+46 (841) 807-1238
Magdalène,Esland,Célestine,Fisher and Sons,+51 (333) 627-1545,+86 (590) 917-0295
Andréanne,Hurdwell,Marie-noël,Hodkiewicz and Sons,+7 (937) 834-0545,+351 (276) 981-6992
Séverine,Ikringill,Maëlys,Stanton-Hansen,+33 (591) 732-3809,+46 (301) 886-3604
Erwéi,Defty,Ruì,Lueilwitz-Smitham,+39 (761) 592-6706,+234 (612) 292-4637
Garçon,Howell,Danièle,Hegmann-Weissnat,+226 (130) 570-7917,+380 (808) 263-1141
Maëlyss,Crockett,Jú,Toy LLC,+98 (995) 772-0031,+351 (880) 493-4206
Crééz,Botler,Hélène,"Dicki, Johnston and Hudson",+234 (577) 415-5251,+420 (713) 238-8920
Eloïse,Pales,Vérane,Breitenberg-DuBuque,+44 (789) 417-0218,+52 (488) 365-2949
Océane,Nystrom,Léane,"Fadel, Mraz and Pollich",+351 (419) 756-5449,+33 (316) 147-0413
Maëline,Epsly,Thérèsa,Wuckert and Sons,+66 (427) 892-8597,+1 (573) 303-2276
Kù,Parnaby,Marie-josée,Connelly Inc,+86 (957) 494-8729,+81 (598) 770-7139
Esbjörn,Eckhard,Eliès,"Brakus, Tillman and O'Connell",+63 (640) 883-0473,+55 (877) 694-4180
Åslög,Spere,Géraldine,"Torphy, Nikolaus and Ledner",+7 (699) 491-6583,+81 (399) 832-1109
Mårten,Phillimore,Clélia,Thompson-D'Amore,+48 (474) 624-6851,+420 (277) 642-4818
Aurélie,Platfoot,Daphnée,Maggio and Sons,+53 (842) 166-9758,+507 (528) 967-1197
Réjane,Wixon,Cinéma,"Christiansen, Hettinger and Gerhold",+20 (364) 407-7186,+352 (444) 217-7784
Célia,Weatherup,Anaé,"Kilback, McDermott and O'Conner",+62 (146) 643-3319,+242 (351) 157-4528
Bérengère,Gorrick,Gaëlle,Kris-Bahringer,+62 (127) 926-2973,+7 (878) 117-8096
Dorothée,Jarad,Inès,Koss-Murray,+86 (202) 123-5356,+86 (919) 694-4919
Eugénie,Scandrett,Noémie,Reichel LLC,+355 (205) 947-8094,+220 (846) 333-3227
Gérald,Lansdown,Thérèsa,"Rosenbaum, Beatty and Hagenes",+351 (107) 257-0068,+967 (379) 993-6976
Estée,Reddings,Noëlla,Langosh-Batz,+7 (331) 931-3659,+351 (502) 957-2406
Félicie,Doldon,Adélaïde,Lowe Group,+386 (496) 977-4121,+86 (303) 447-3557
Maéna,Ord,Dorothée,Fay-Corwin,+86 (448) 314-3846,+86 (468) 719-2665
Maï,Molloy,Océane,Daniel and Sons,+66 (554) 556-7364,+86 (880) 335-9168
Nadège,Slemmonds,Gérald,Kovacek-Bahringer,+66 (559) 776-3772,+86 (930) 728-6375
Chloé,Tockell,Léane,Mraz Group,+977 (991) 112-4990,+86 (311) 467-4320
Marie-noël,Burney,Léandre,Jacobi-Bayer,+62 (805) 357-1707,+351 (956) 634-7434
Noëlla,Noto,Salomé,Bins Group,+86 (171) 961-5215,+7 (342) 123-4650
Andréanne,Sottell,Gwenaëlle,"Murray, McCullough and Price",+222 (147) 865-8242,+46 (337) 382-5740
Erwéi,Flipsen,Bérangère,Schultz and Sons,+62 (296) 124-4954,+381 (627) 882-7015
Mélanie,Lissemore,Maëlys,Okuneva and Sons,+48 (629) 343-3262,+86 (876) 654-3079
Almérinda,Pimmocke,Léonie,Quitzon and Sons,+55 (706) 156-7256,+62 (609) 845-1409
Dorothée,Gerritzen,Lorène,Parisian and Sons,+62 (478) 805-8682,+86 (735) 314-8224
Angélique,Garham,Loïs,Koss-Kub,+86 (626) 391-7597,+63 (245) 943-6836
Bérengère,Comins,Gwenaëlle,"Howell, O'Connell and Schiller",+86 (561) 581-1653,+62 (567) 425-7219
Méng,Bristowe,Maëlla,Osinski-Bruen,+1 (942) 149-5013,+86 (358) 148-6204
Séverine,Purple,Andrée,Abernathy LLC,+86 (325) 200-4000,+62 (952) 305-4119
Mélodie,Uccello,Nuó,"Conn, Bogisich and Gislason",+251 (808) 507-1829,+63 (787) 423-2994
Cécile,Larmett,Agnès,Weimann-Macejkovic,+7 (119) 196-8121,+63 (715) 659-0466
Marylène,Gullane,Marie-josée,Dietrich-Heller,+86 (320) 808-7434,+66 (405) 176-2536
Adèle,Llewellin,Léana,Shields Group,+1 (319) 140-0663,+30 (261) 511-3369
Åsa,Dibbs,Maëlle,Predovic and Sons,+1 (844) 657-3343,+48 (268) 622-2391
Mélina,Gatsby,Mélanie,Dickens LLC,+93 (419) 521-6136,+62 (656) 968-9168
Lóng,Verdy,Aí,Christiansen-Morissette,+86 (889) 236-1498,+1 (832) 445-0266
Maïwenn,Alejandro,Marie-josée,Lind Inc,+352 (737) 255-2772,+51 (278) 649-1090
Crééz,MacIlraith,Lài,MacGyver-Dickens,+48 (153) 776-1591,+84 (896) 515-3153
Michèle,Roscow,Björn,Davis-Brekke,+1 (665) 149-7508,+63 (263) 367-6723
Adélie,Peacher,Frédérique,Labadie Group,+373 (481) 544-3883,+93 (393) 119-8407
Märta,Rapier,Lauréna,Kuphal-Ortiz,+86 (410) 781-8648,+62 (733) 648-4267
Frédérique,Vonasek,Amélie,Dibbert-Littel,+86 (119) 505-4194,+48 (587) 229-8618
Måns,Dreakin,Mén,"Olson, Schultz and Brakus",+86 (129) 818-3063,+62 (797) 266-1548
Méline,Westley,Kuí,Grant LLC,+48 (450) 857-5820,+370 (688) 905-1610
Judicaël,Eynon,Miléna,Kuvalis-Russel,+52 (368) 296-0444,+62 (890) 670-5566
Kévina,Klees,Anaé,"Kozey, Boyer and Bosco",+63 (575) 398-2633,+358 (560) 176-9816
Thérèse,Gross,Ophélie,Hackett Inc,+353 (973) 146-5380,+595 (851) 285-6969
Félicie,Livingston,Lèi,"Barton, Leannon and Rohan",+63 (525) 486-5766,+62 (317) 967-8424
Chloé,Raoul,Marlène,Towne-Muller,+389 (973) 115-3973,+54 (229) 225-3742
Valérie,Madigan,Marie-thérèse,McLaughlin-Goodwin,+46 (931) 114-6299,+86 (580) 671-7045
Maëlle,Inger,Nadège,Hermann-Wunsch,+254 (256) 895-4234,+86 (919) 334-2441
Sélène,Mooreed,Audréanne,"Durgan, Reinger and Kilback",+63 (761) 190-0556,+48 (778) 361-3275
Zoé,Bollins,Célestine,Howell Inc,+86 (862) 874-2448,+51 (399) 787-3285
Françoise,Stovell,Clémence,Barrows-Hagenes,+506 (378) 811-0826,+7 (235) 791-8758
Lorène,Regler,Camélia,Turner-Hansen,+371 (797) 951-9788,+86 (678) 977-0570
Estève,Crannage,Crééz,Jones-Treutel,+84 (671) 990-1405,+86 (901) 525-8190
Garçon,Parsonage,Pål,"McDermott, Ankunding and Lueilwitz",+60 (450) 869-6650,+62 (702) 415-1465
Adélaïde,Mallinson,Måns,"Koepp, Swaniawski and Runolfsson",+420 (388) 951-6897,+7 (188) 411-9502
Bérénice,Berthelet,Aloïs,Cassin-Braun,+353 (421) 858-4778,+86 (378) 600-3035
Mélys,Birtchnell,Chloé,"McLaughlin, Senger and Quigley",+55 (922) 177-5346,+358 (231) 601-8881
Céline,Pechet,Åsa,Walter and Sons,+81 (278) 861-9744,+48 (909) 661-8351
Dà,McAuley,Josée,Gottlieb-Swaniawski,+86 (104) 135-1757,+351 (131) 872-7682
Ruì,Brayn,Simplifiés,Ebert-Doyle,+82 (977) 626-8357,+33 (592) 396-4771
Naéva,McCaskill,Clémence,Paucek and Sons,+86 (811) 108-5300,+86 (935) 367-7752
Ruì,Mc Meekan,Angélique,Schumm Group,+86 (649) 978-8821,+86 (281) 378-0126
Garçon,Capun,Intéressant,"Hartmann, Schimmel and Nader",+62 (993) 432-8762,+7 (273) 719-9207
Aloïs,Dogg,Loïc,Kub Group,+7 (662) 532-2852,+234 (220) 131-5968
Cécilia,Llopis,Gwenaëlle,Streich Group,+86 (226) 832-9009,+55 (573) 605-4620
Séverine,Piletic,Annotée,Gottlieb-Nicolas,+850 (173) 526-5340,+62 (917) 881-7948
Lài,Maykin,Marie-thérèse,McCullough-Considine,+86 (566) 951-3247,+84 (579) 541-3235
Alizée,Shoobridge,Régine,"Buckridge, Bergnaum and Labadie",+7 (738) 607-6116,+420 (248) 931-9854
Uò,Lotherington,Judicaël,"Torphy, Gleason and McLaughlin",+82 (434) 536-6582,+46 (276) 838-7702
Marie-josée,Sywell,Dù,Cartwright Group,+212 (168) 983-9183,+62 (289) 152-6486
Styrbjörn,Lanfere,Marie-hélène,Nienow and Sons,+45 (487) 372-2230,+86 (687) 165-9188
Mélanie,Drennan,Océanne,Sanford Group,+7 (781) 819-2333,+86 (508) 945-1670
Märta,Bilbee,Fèi,"Quitzon, Mosciski and Waters",+52 (512) 377-0342,+351 (359) 911-5325
Océane,Gullis,Pélagie,Ward-Mayert,+81 (662) 840-1685,+62 (119) 908-5395
Kuí,Oles,Eléonore,"Bednar, Weissnat and Turner",+55 (499) 943-5306,+86 (313) 515-9878
Frédérique,Klossek,Bérénice,"Kreiger, Carter and Bednar",+86 (439) 353-0845,+62 (542) 997-0885
Pò,Stelle,Styrbjörn,"Rogahn, Kuhn and Cronin",+54 (664) 175-5289,+381 (543) 119-2576
Françoise,Hateley,Béatrice,Hilll-Bosco,+994 (642) 130-7884,+229 (189) 338-1490
Léa,Crawley,Aurélie,Swaniawski-Bogisich,+254 (657) 502-3549,+86 (930) 693-4872
Marie-noël,Harriagn,Maëly,"Schmitt, Kutch and Wuckert",+48 (644) 723-0239,+48 (682) 762-9295
Mà,Deschelle,Mélia,"Hirthe, Kub and Hilll",+48 (864) 758-5183,+63 (298) 177-3644
Frédérique,Huniwall,Estève,Hamill and Sons,+86 (883) 639-8147,+55 (562) 715-4649
Aloïs,Cornehl,Alizée,"Johnston, Kunde and Mraz",+46 (759) 793-0701,+33 (590) 915-7222
Maïté,Dannel,Yú,"Ortiz, Lynch and Mohr",+63 (262) 332-9907,+86 (835) 123-6019
Clémentine,Chelley,Hélèna,Cole Group,+51 (498) 288-1188,+33 (387) 617-7071
Maëlle,Clinkard,Nuó,Schaden-Feest,+62 (798) 803-5107,+84 (233) 427-7375
Mélinda,Aronstam,Anaïs,Fadel-Moen,+86 (664) 149-9713,+351 (742) 872-0779
Magdalène,Deans,Kù,Schuster-Yundt,+7 (421) 879-8481,+352 (531) 504-0806
Kévina,Buckie,Yú,"Schmidt, Johns and Schaefer",+86 (351) 485-0896,+63 (549) 638-3851
Pélagie,Measen,Mélys,Ebert Group,+62 (808) 844-9493,+385 (238) 810-5101
Gérald,Tootell,Yú,Kohler Inc,+1 (505) 341-3392,+48 (933) 607-8091
Östen,Barczynski,Ophélie,Hodkiewicz-Watsica,+62 (935) 840-6196,+86 (904) 463-1298
Méryl,Siddall,Tú,Schneider-McDermott,+370 (318) 788-9312,+351 (429) 334-4858
Åsa,Twitchett,Béatrice,Nolan-Conroy,+1 (272) 359-9714,+235 (632) 996-4169
Aurélie,Damiata,Pénélope,Schulist-Bartell,+371 (787) 343-0164,+55 (445) 917-2378
Marie-josée,Newbatt,Noémie,Pfeffer Inc,+352 (534) 942-7204,+351 (499) 651-7450
Åslög,Cullin,Hélène,"Grant, Monahan and McLaughlin",+509 (379) 659-6725,+86 (943) 614-8677
Gérald,Beasleigh,Maëlle,"Borer, Hauck and Roberts",+86 (524) 228-9819,+1 (303) 698-5956
Cinéma,Scourgie,Maïlys,Jacobi Inc,+55 (785) 389-7024,+45 (594) 485-4959
Börje,Walbrook,Loïc,Johnson-Hickle,+255 (258) 306-8542,+62 (645) 360-8302
Bérengère,Lichtfoth,Bénédicte,Gleason-Reinger,+62 (241) 649-4819,+86 (618) 870-7508
Maëline,Constanza,Mélys,Bogan Inc,+1 (517) 143-0229,+86 (397) 454-7183
Mélina,Desforges,Styrbjörn,Hane-Feest,+62 (894) 790-7556,+48 (605) 260-4702
Mélia,Coling,Crééz,"Ortiz, Pfeffer and Langosh",+351 (991) 683-7494,+62 (943) 297-1356
André,McFadzean,Åslög,"Monahan, Schowalter and McCullough",+30 (242) 195-4278,+242 (145) 621-8885
Laïla,Geard,Nélie,"Waelchi, Skiles and Walsh",+63 (564) 902-5876,+976 (997) 510-6466
Kuí,Blandamore,Maïly,Predovic-Pouros,+46 (798) 809-8111,+86 (162) 550-9102
Maëlyss,Boyes,Méng,Kshlerin LLC,+86 (941) 412-3903,+351 (218) 457-8411
Régine,Hrishchenko,Mén,"Swaniawski, Carter and Towne",+351 (663) 334-2348,+1 (270) 175-8083
Bérangère,Romanin,Sòng,"Hilll, Boyle and Stroman",+216 (932) 118-3095,+1 (677) 714-8435
Mélissandre,Branche,Naëlle,"Ward, Kautzer and Prosacco",+58 (375) 573-0914,+1 (414) 254-0081
Uò,Lackinton,Táng,"Murphy, Williamson and Runolfsson",+33 (549) 554-4839,+60 (364) 642-6951
Eléonore,Pulley,Ruò,Kunde Group,+963 (620) 152-7166,+92 (641) 219-8606
Maëlyss,McCumesky,Gérald,Mueller-Wolff,+976 (703) 499-5826,+420 (435) 606-4507
Táng,Watterson,Cécile,Schmidt-Walsh,+351 (387) 961-8751,+351 (243) 823-2106
Fèi,Berrie,Cinéma,Schmidt-Hammes,+86 (441) 760-8639,+1 (337) 749-6812
Mélodie,Kimbling,Célia,"Reilly, Luettgen and Cummings",+66 (852) 366-2654,+7 (402) 746-6504
Néhémie,Jevons,Eléonore,"Hills, Hamill and Stiedemann",+62 (168) 586-9344,+86 (186) 660-8028
Léandre,Woodward,Pò,McLaughlin-Bogisich,+48 (768) 724-9368,+62 (571) 219-2950
Bénédicte,Imesen,Marie-françoise,Renner-Bailey,+86 (253) 221-3910,+86 (525) 148-5516
Faîtes,Shepcutt,Eléonore,Leffler-Rutherford,+62 (885) 150-6348,+62 (943) 349-2921
Néhémie,Cortez,Inès,"Walker, Smith and Keebler",+31 (881) 487-5082,+86 (642) 274-7343
Cunégonde,Ramsier,Edmée,O'Conner Group,+7 (225) 999-8845,+86 (890) 920-5529
Edmée,Alsina,Clémentine,Tremblay-Rath,+1 (652) 741-7360,+234 (163) 521-8212
Loïc,Broadhead,Dà,McKenzie-Cummings,+7 (369) 513-5004,+62 (681) 689-6319
Fèi,Wenden,Irène,Lubowitz Group,+380 (245) 915-5221,+7 (955) 495-1477
Dafnée,Eggleton,Illustrée,Ritchie Inc,+98 (599) 577-5351,+506 (506) 923-6765
André,Cowthart,Hélène,Miller-Schaefer,+48 (330) 699-4668,+86 (399) 300-3802
Célia,Morat,Méng,Fritsch LLC,+357 (331) 886-4948,+7 (169) 639-5069
Kallisté,Mebius,Mélinda,Bins and Sons,+63 (549) 473-3896,+86 (445) 429-9150
Personnalisée,Vasilechko,Françoise,Haag-Yost,+86 (514) 471-7872,+86 (300) 687-7593
Cléa,Roddan,Gaïa,Zboncak-Shanahan,+1 (959) 223-5217,+46 (321) 184-4744
Frédérique,McKue,Noémie,Keeling-Keebler,+62 (752) 929-5633,+55 (534) 170-1224
Örjan,Kearton,Annotée,"Osinski, Hoeger and Moore",+62 (897) 499-7114,+48 (852) 148-6024
Ophélie,Reddings,Pélagie,Kihn-Marquardt,+86 (343) 335-4484,+33 (562) 208-7452
Solène,Roseby,Åsa,King-Swaniawski,+62 (704) 885-8683,+86 (814) 194-4920
Méghane,Blasik,Maëlle,"Christiansen, Barrows and Nader",+52 (436) 908-4033,+380 (827) 358-1764
Dù,Enoksson,Irène,"Jacobs, Quitzon and Osinski",+1 (825) 307-8450,+389 (532) 524-6094
Geneviève,Pontin,Andrée,"O'Reilly, King and Murphy",+1 (773) 846-7981,+351 (741) 907-7994
Maëlle,Elmhurst,Adélie,Mayer Group,+62 (127) 375-6357,+86 (569) 313-0308
Clémence,McAusland,Irène,Friesen Group,+48 (807) 772-3544,+48 (562) 161-8770
Inès,Hallows,Anaé,Renner Inc,+54 (790) 245-7579,+351 (781) 799-1547
Gisèle,Hambidge,Ophélie,"Toy, Parker and Schimmel",+355 (512) 210-2165,+359 (601) 172-3760
Valérie,Worlidge,Irène,"Ryan, Mertz and Marquardt",+94 (248) 160-1205,+420 (822) 754-2717
Nadège,Adenot,Clémence,Heidenreich Inc,+7 (836) 718-4861,+48 (163) 294-4629
Réservés,Thickin,Pélagie,"Osinski, Kreiger and Green",+63 (952) 617-6214,+66 (239) 972-7152
Lài,Georgeau,Véronique,Volkman Inc,+370 (813) 766-1075,+375 (910) 773-9542
Geneviève,Sarch,Östen,"Hyatt, Bashirian and Hermann",+62 (224) 583-0920,+373 (390) 560-4138
Torbjörn,Calder,Cunégonde,"Kreiger, Kiehn and Greenholt",+269 (133) 877-6249,+57 (201) 549-2317
Sélène,Rosenbusch,Cécilia,"Dickens, Little and Kirlin",+48 (116) 583-9599,+7 (398) 298-9850
Joséphine,Bowstead,Solène,"Dickinson, Bernhard and Bailey",+351 (246) 529-4912,+62 (643) 620-9639
Aurélie,Diable,Sélène,O'Connell Group,+98 (938) 908-2926,+63 (852) 709-8310
Françoise,Doctor,Aí,"Bashirian, Fay and Leannon",+51 (209) 444-9137,+66 (399) 852-7989
Andréanne,Munden,Béatrice,Okuneva-Kub,+66 (691) 658-8407,+86 (764) 578-7217
Réservés,Laughtisse,Eliès,"Kunde, Macejkovic and Okuneva",+51 (521) 982-6840,+86 (836) 405-6967
Réservés,Carpenter,Intéressant,Yost-Schaden,+351 (932) 430-2751,+506 (777) 320-9740
Thérèsa,Erik,Personnalisée,Marquardt-Hoppe,+62 (459) 867-7104,+46 (477) 193-9677
Marie-ève,Jirek,Eloïse,Lind-Wintheiser,+507 (184) 630-3118,+86 (445) 897-3835
Kuí,Sutor,Renée,Gerlach Inc,+57 (341) 454-8059,+60 (867) 434-3405
Léana,Burdikin,Néhémie,Casper Inc,+52 (605) 304-2316,+356 (394) 470-6157
Véronique,Berlin,Naëlle,Mosciski Group,+33 (633) 140-7294,+55 (166) 797-8808
Naéva,Heibel,Åsa,"Hodkiewicz, Hartmann and Trantow",+1 (779) 214-4123,+86 (274) 275-5337
Adélie,Gascoyne,Maëlann,Kutch-Nader,+976 (185) 270-2695,+63 (972) 474-4033
Cécile,Cromleholme,Danièle,Wisoky-Pouros,+691 (110) 547-3356,+62 (930) 276-7976
Bérengère,Pattrick,Örjan,"Senger, Hamill and Veum",+420 (690) 609-2080,+30 (185) 303-6428
Andréa,Phaup,Stéphanie,Waters Group,+47 (173) 262-4306,+234 (563) 668-6714
Zhì,Faircliff,Maïlys,Vandervort-Zieme,+86 (190) 383-9980,+689 (669) 569-3316
Chloé,Adamou,Esbjörn,Gleichner-Stracke,+86 (362) 719-7608,+81 (616) 399-9679
Mélia,Atton,Desirée,Orn Group,+380 (525) 370-6464,+86 (746) 425-5826
Björn,Cumberbatch,Publicité,Kautzer-Lueilwitz,+53 (788) 569-2311,+93 (983) 454-8928
Marie-noël,Bosley,Inès,"O'Keefe, Stamm and Crona",+81 (957) 863-5487,+33 (452) 669-2268
Kuí,McGuane,Lauréna,Maggio Group,+86 (191) 940-6470,+84 (466) 399-8863
Åsa,More,Jú,"Hudson, Pfeffer and Brown",+54 (876) 430-0430,+86 (526) 368-3877
Zhì,Tatum,Salomé,Lowe-Okuneva,+53 (966) 268-3745,+7 (504) 816-6544
Michèle,Pavett,Géraldine,"Welch, Haag and Mraz",+1 (250) 238-1737,+55 (584) 855-9276
Dorothée,Greaterex,Estée,"Weimann, Sauer and Hartmann",+92 (901) 867-9147,+48 (675) 322-8556
Néhémie,Moxley,Göran,"Brekke, Torp and Mohr",+7 (409) 913-6763,+86 (187) 638-9547
Aurélie,Faucett,Audréanne,Stiedemann-Osinski,+420 (242) 901-2760,+52 (297) 685-7690
Dà,Lerway,Publicité,Rogahn-Willms,+44 (874) 359-5237,+351 (911) 345-4893
Chloé,Crudge,Gérald,Brakus Group,+27 (608) 909-2036,+86 (531) 913-1629
Adèle,Benford,Annotée,Stracke and Sons,+86 (433) 194-1970,+7 (311) 684-1560
Lén,Castletine,Léonore,Roberts-Ryan,+62 (427) 236-7953,+52 (219) 197-0844
Andrée,Somerfield,Håkan,Dickens and Sons,+62 (649) 592-9438,+62 (901) 750-9189
Gaïa,Spencley,Gaétane,"Kling, Shanahan and Hamill",+358 (542) 743-5427,+380 (400) 914-3064
Adélaïde,Minichi,Kévina,Block Inc,+63 (783) 645-0112,+62 (373) 975-8817
Fèi,Mundy,Adélie,"White, Nolan and Weber",+86 (467) 612-0304,+509 (715) 731-7550
Bénédicte,Matteo,Andrée,"Vandervort, Hagenes and Fisher",+54 (478) 453-7307,+30 (394) 373-2342
Estée,O'Caherny,Audréanne,McGlynn Inc,+93 (713) 140-6990,+994 (359) 180-1486
Eliès,Cerie,Agnès,"Erdman, O'Conner and Carroll",+1 (630) 998-1351,+30 (388) 488-6575
Maïté,Yeoland,Noémie,"Halvorson, Skiles and Kreiger",+86 (721) 176-5749,+84 (127) 529-7539
Publicité,Sousa,Réservés,"Botsford, Nitzsche and Veum",+374 (465) 645-7794,+1 (641) 622-5161
Maéna,Bullent,Maéna,"Abbott, Kessler and Jones",+86 (259) 705-2079,+64 (148) 322-0481
Bérénice,Carty,Gérald,Macejkovic-Reilly,+63 (615) 819-7120,+593 (491) 299-5206
Naéva,Stubbeley,Vérane,"Schinner, Kilback and Block",+30 (557) 194-1781,+81 (243) 451-1471
Loïc,Goulstone,Danièle,"Oberbrunner, Murazik and Denesik",+62 (519) 124-8805,+92 (573) 273-8158
Méghane,Daber,Tán,Bradtke-Swaniawski,+33 (745) 582-1589,+52 (106) 516-5579
Léandre,Hartwright,Publicité,"Dooley, Herman and Metz",+62 (597) 318-8421,+47 (909) 654-5951
Dorothée,Colvie,Björn,"Fay, Dickinson and Gerhold",+33 (759) 142-8122,+372 (798) 474-7812
Bérénice,Lendon,Nadège,O'Keefe-Stark,+84 (969) 499-7531,+7 (745) 584-2151
Lauréna,Hadlee,Märta,Turner-Hintz,+355 (589) 776-0116,+351 (691) 203-6635
Illustrée,Hammer,Almérinda,Heidenreich-Larson,+62 (969) 411-6930,+64 (495) 588-4626
Naéva,Yesenin,Maëlle,Mante-Parisian,+1 (586) 288-7173,+86 (926) 225-4924
Camélia,Nevitt,Noémie,Glover Group,+502 (108) 526-1800,+53 (905) 931-9832
Jú,Lethbury,Maëly,"Osinski, Bashirian and Gerlach",+86 (421) 936-3183,+86 (415) 481-0081
Marie-hélène,Bransgrove,Nélie,Boyle and Sons,+86 (366) 752-4260,+48 (845) 542-3118
Annotée,Debrett,Vérane,"Wisozk, Lockman and Yost",+62 (295) 307-7153,+1 (838) 830-0773
Maëlle,Mulvin,Aurélie,Hackett and Sons,+62 (548) 779-4852,+1 (587) 762-1030
Mén,Peascod,Görel,Fisher-Pouros,+93 (342) 212-3206,+86 (551) 289-0126
Táng,Bance,Léandre,Bernhard Inc,+505 (836) 270-2608,+63 (619) 762-7201
Dà,Geater,Hélène,Dietrich-Nolan,+63 (139) 359-0963,+63 (248) 183-2832
André,Downgate,Hélène,Cruickshank LLC,+47 (529) 473-9637,+33 (338) 818-4833
Björn,Wandrey,Åke,Cummings and Sons,+593 (711) 676-7517,+351 (216) 777-3233
Noëlla,Huckfield,Véronique,Simonis-Yost,+86 (808) 320-4964,+1 (816) 246-2927
Rachèle,Danovich,Gaëlle,Bartell Group,+30 (241) 726-5562,+358 (352) 849-3060
Naéva,Baxter,Marie-josée,"Kohler, Feeney and Hahn",+7 (212) 389-4596,+86 (522) 803-4030
Céline,Mc Pake,Maëlle,Schiller-Ziemann,+86 (440) 204-5810,+27 (551) 816-1982
Océanne,Goomes,Maïlis,Dach and Sons,+86 (525) 689-9410,+1 (183) 256-4012
Laurélie,Firebrace,Réservés,"Wuckert, White and Altenwerth",+86 (123) 361-1270,+381 (177) 384-3576
Liè,McMullen,Cécile,Zemlak-Lind,+48 (414) 100-1916,+86 (200) 515-3700
Lorène,Evequot,Magdalène,Auer LLC,+93 (647) 322-2907,+269 (702) 485-3467
Simplifiés,Pavlovic,Östen,"Ebert, Herzog and Will",+218 (633) 194-5982,+47 (339) 187-4583
Léa,Bagwell,Eléa,Dare-Monahan,+86 (223) 190-0929,+63 (369) 896-2462
Chloé,Cruess,Vénus,"Baumbach, Brakus and Fahey",+51 (101) 693-7350,+66 (890) 670-4685
Marie-françoise,Wedge,Nuó,Murazik-Sanford,+218 (505) 985-2179,+995 (185) 138-8966
Anaël,Cullingworth,Simplifiés,Daniel Group,+62 (691) 489-4292,+372 (478) 932-3920
Maëlla,Ballin,Séverine,Tromp-Emard,+52 (697) 129-0957,+386 (861) 177-1674
Östen,Evill,Michèle,White Inc,+86 (935) 395-3882,+51 (966) 192-0471
Personnalisée,Strachan,Jú,"Hoeger, Klein and McGlynn",+385 (798) 460-3019,+51 (889) 704-2051
Illustrée,Plaxton,Håkan,Haley-Brakus,+387 (679) 146-9064,+81 (140) 882-0605
Maïly,Burth,Annotés,Strosin Inc,+63 (387) 539-7108,+62 (296) 228-5311
Jú,Siuda,Zhì,Turner-Kilback,+357 (136) 907-7112,+420 (483) 652-8756
Måns,Jakobsson,Pål,Kuhn-Sporer,+86 (166) 272-9695,+86 (928) 424-4413
Erwéi,Balas,Maïwenn,"Leuschke, Barrows and Shields",+7 (474) 998-8610,+251 (741) 473-8751
Cléa,Biesterfeld,Océane,"Hettinger, Turcotte and Champlin",+509 (110) 638-3177,+55 (416) 262-6738
Zoé,Bastone,Salomé,Rowe-Wehner,+30 (515) 490-1789,+62 (484) 229-7091
Mà,Corona,Simplifiés,Bosco-Blanda,+62 (384) 183-1061,+52 (135) 466-7340
Fèi,Somersett,Stévina,Johns and Sons,+86 (253) 254-6043,+48 (322) 822-4464
Salomé,Ellsom,Åke,Casper-Schoen,+62 (653) 917-2974,+86 (453) 815-7165
Maï,Streader,Thérèse,Prohaska-Bartoletti,+63 (177) 666-2387,+57 (573) 361-5083
Loïc,Ianniello,Léonie,Collier LLC,+57 (350) 406-0045,+249 (126) 515-4638
Maéna,Recke,Maéna,Padberg and Sons,+505 (611) 738-6789,+58 (834) 373-2605
Jú,Dasent,Léonore,Howe Inc,+57 (651) 674-7803,+47 (183) 163-0824
Eléa,Reggler,Desirée,Schaden-Heidenreich,+380 (811) 622-2947,+48 (426) 619-2033
Ruò,Bransby,Naéva,"Dach, Runolfsson and McCullough",+62 (400) 807-3867,+57 (526) 281-5280
Marie-ève,Kimblin,Rébecca,"Smitham, Powlowski and Deckow",+1 (352) 213-6133,+420 (229) 198-8294
Ruì,Finlator,Bérengère,"Farrell, Terry and Kertzmann",+380 (500) 887-6049,+7 (622) 381-5167
Judicaël,Housen,Léana,Schuppe-Langosh,+55 (622) 908-5235,+970 (236) 911-5375
Marie-thérèse,Haskins,Loïs,"Stanton, Huels and Yost",+351 (923) 157-4183,+86 (762) 448-8573
Pål,Tyres,Réjane,Pfeffer Group,+86 (861) 355-2491,+60 (308) 777-3562
Solène,Bravington,Kuí,"Lemke, Stroman and Williamson",+54 (604) 233-1980,+1 (901) 781-5492
Bénédicte,Laville,Måns,"Swift, Goldner and Koepp",+7 (184) 199-7425,+86 (299) 537-7999
Léonore,Tattershall,Estée,Tillman-Dibbert,+86 (362) 694-2708,+63 (274) 594-5321
Mélinda,Sherbrooke,Håkan,"Cronin, Wisozk and Nader",+62 (711) 767-1137,+86 (479) 524-7798
Rachèle,Growy,Audréanne,Lang-Windler,+380 (554) 846-2956,+66 (219) 172-3198
Chloé,Urey,Laïla,Ankunding-Shanahan,+62 (157) 995-5194,+86 (959) 851-2991
Esbjörn,Antognazzi,Maëly,Price-Gutkowski,+86 (800) 747-2443,+62 (584) 200-1016
Anaëlle,Dictus,Dù,"Borer, Beer and Quitzon",+47 (754) 755-9545,+62 (464) 769-8758
Valérie,Rimington,Kévina,"Davis, Koch and Olson",+7 (674) 786-5005,+359 (103) 179-1060
Léa,Leonards,Naéva,"Welch, Kuhn and McGlynn",+86 (601) 803-2062,+380 (861) 395-0231
Angèle,Fulmen,Östen,"Crona, Cassin and Shanahan",+260 (910) 275-6684,+86 (358) 452-0792
Laïla,Malone,Björn,Orn-Mayer,+387 (943) 237-5477,+63 (473) 158-7341
Tán,Izzatt,Björn,Powlowski-Moen,+62 (734) 612-2763,+420 (599) 270-7320
Östen,Rizzardo,Styrbjörn,Daugherty-Oberbrunner,+1 (213) 679-7639,+251 (489) 436-5219
Gösta,Arias,Illustrée,Hauck-Graham,+62 (112) 691-4965,+63 (689) 416-6002
Léonore,Dimitriades,Desirée,"McDermott, Towne and Kulas",+7 (397) 188-0761,+977 (185) 338-7611
Maïly,Diack,Renée,"Spencer, Bergnaum and Dietrich",+46 (954) 354-5774,+57 (847) 436-2025
Mélinda,Creigan,Marie-ève,Walker LLC,+81 (916) 704-0232,+62 (142) 899-8654
Yú,Adriani,Valérie,Schultz-Quigley,+57 (681) 302-3616,+351 (193) 775-1228
Léa,Matejka,Kù,Kovacek LLC,+86 (724) 268-0568,+86 (654) 453-4106
Naéva,Takle,Maëlla,O'Reilly Group,+81 (665) 862-6532,+66 (850) 384-7729
Edmée,Rivard,Séverine,Christiansen Group,+7 (791) 156-3189,+86 (807) 185-8932
Maëlann,Inde,Bénédicte,Armstrong LLC,+1 (626) 994-7245,+351 (126) 765-1207
Anaïs,Greenroad,Mélia,Jacobson LLC,+963 (942) 449-9378,+7 (518) 403-3255
Laurélie,Agerskow,Maïlys,Larson Inc,+52 (527) 220-6041,+48 (457) 785-5861
Andréanne,Borgesio,Eugénie,Wiza Inc,+423 (889) 187-4156,+1 (501) 569-8503
Andrée,Jumonet,Pò,Kilback Inc,+36 (792) 748-7440,+33 (503) 540-6270
Estève,Lupson,Félicie,Hodkiewicz-Bauch,+36 (734) 417-0718,+62 (481) 720-9543
Salomé,Phlipon,Maëline,Fay-Berge,+1 (612) 161-6461,+48 (233) 566-6274
Méline,Gero,Geneviève,"Hyatt, Mohr and Graham",+33 (903) 977-8149,+86 (783) 995-3688
Chloé,Stolze,Hélèna,"Toy, Wiegand and Leffler",+963 (391) 532-8945,+351 (899) 611-7413
Réjane,Kaminski,Hélène,McKenzie-Rodriguez,+46 (734) 695-5034,+998 (642) 189-5545
Bérengère,Andrichak,Chloé,Larson-Brekke,+86 (226) 784-7281,+63 (143) 825-5481
Faîtes,Greatreax,Desirée,Kihn Inc,+27 (161) 275-5514,+1 (734) 521-0620
Annotée,Laurenty,Réservés,"Klocko, Lehner and Heathcote",+86 (727) 563-5127,+994 (168) 547-8384
Yénora,Hurran,Ráo,Powlowski Group,+86 (484) 177-2428,+7 (164) 590-5917
Börje,Gymblett,Irène,Stamm-Fahey,+51 (809) 804-1241,+359 (571) 494-6484
Åslög,Badrock,Marylène,"Beier, Huels and Moen",+385 (544) 192-8661,+385 (248) 764-3362
Méryl,Landsman,Estève,Metz-Boyer,+62 (930) 808-9661,+7 (123) 249-5581
Åke,Martinson,Mélia,"Harris, Johnston and Macejkovic",+86 (375) 105-4582,+30 (418) 204-5451
Camélia,Synke,Yóu,Fahey-Prohaska,+7 (766) 351-6924,+84 (761) 883-9047
Maïté,Arkil,Aurélie,"Lubowitz, Baumbach and MacGyver",+86 (701) 910-1026,+86 (131) 370-7902
Maïlis,Perotti,Cunégonde,Kulas-Sawayn,+64 (120) 454-0792,+33 (616) 167-0184
Åsa,Crenshaw,Anaé,McKenzie and Sons,+62 (485) 950-0236,+31 (779) 618-6349
Andréanne,Hegdonne,Garçon,Howell and Sons,+86 (316) 663-3133,+53 (234) 298-0786
Anaël,Cartin,Jú,Jaskolski Inc,+7 (899) 868-3458,+86 (921) 772-8681
Bénédicte,Delafoy,Marie-noël,Cronin-Brakus,+351 (486) 737-2563,+62 (115) 157-9667
Véronique,Shapcote,Mélys,Corwin-Quigley,+502 (319) 953-4318,+380 (999) 399-6095
Gösta,Bruntjen,Maëlann,Bashirian-Rosenbaum,+36 (852) 245-5137,+51 (130) 831-8577
Fèi,Berney,Marie-françoise,"Willms, Heller and Rodriguez",+973 (514) 749-9870,+46 (759) 492-7010
Mégane,Sandys,Inès,Weissnat-Jacobs,+7 (765) 947-3632,+62 (362) 101-8404
Léana,Pessolt,Stévina,"Dicki, Schimmel and Harber",+1 (619) 361-6293,+420 (339) 335-2454
Alizée,MacGall,Sélène,"Kovacek, Runolfsdottir and Roberts",+52 (958) 917-2193,+86 (449) 836-5741
Marie-ève,Giacobbo,Lèi,Howell-Smith,+1 (319) 830-0158,+63 (767) 194-9220
Rachèle,Yashunin,Pål,Bernier-Stracke,+62 (794) 537-3248,+84 (709) 457-4582
Yénora,Brosi,Åke,Cummings Inc,+62 (671) 605-1288,+86 (621) 719-1891
Zoé,Calf,Yénora,"Farrell, Hansen and Purdy",+86 (306) 610-2401,+62 (400) 343-1954
Stéphanie,Hinkes,Félicie,Von-Stoltenberg,+249 (712) 570-4991,+351 (510) 609-6416
Méthode,Laneham,Illustrée,"Abernathy, Marquardt and Cronin",+86 (651) 476-5900,+359 (681) 229-9374
Gösta,Coper,Lauréna,Wolff-MacGyver,+49 (307) 479-6983,+261 (516) 121-9602
Bérengère,Holstein,Göran,Hahn-Treutel,+57 (942) 499-7278,+63 (915) 178-6129
Pål,Dainty,Laurène,Runolfsson and Sons,+62 (193) 367-4272,+420 (547) 687-6031
Anaé,Yakunchikov,Simplifiés,Bayer LLC,+62 (418) 816-2478,+27 (552) 225-2856
Dafnée,Lacy,Desirée,Predovic-Stanton,+7 (742) 635-7737,+7 (812) 147-0173
Rébecca,Dillinger,Andrée,Muller Inc,+44 (334) 512-1643,+84 (369) 713-6443
Mégane,Selesnick,Thérèsa,"Weimann, Grady and Borer",+48 (548) 672-3411,+263 (171) 964-6341
Maëly,Abbiss,Nélie,Boehm Group,+51 (339) 362-5797,+86 (400) 477-1362
Gaïa,Broomfield,Åsa,"Hudson, Leuschke and Halvorson",+62 (597) 372-7645,+1 (252) 994-6905
Dù,Filipczak,Bérengère,Kirlin and Sons,+55 (179) 969-9084,+86 (857) 965-2257
Märta,Jaggs,Aí,Considine-Pagac,+62 (562) 377-5865,+63 (724) 652-6347
Maëline,Newbury,Mahélie,Leuschke-Crona,+54 (587) 425-8429,+234 (508) 630-8482
Léane,O'Connell,Aimée,Howell and Sons,+374 (145) 201-9237,+66 (554) 773-2683
Bérangère,Baptiste,Liè,Cassin and Sons,+54 (374) 792-9257,+255 (533) 271-4809
Örjan,Tatam,Eugénie,Stiedemann and Sons,+7 (664) 642-8378,+86 (491) 374-9643
Maëlann,Byham,Cléa,Hagenes and Sons,+86 (113) 158-9005,+385 (474) 889-5825
Françoise,Halligan,Alizée,Jenkins-Hirthe,+86 (504) 509-6127,+62 (564) 833-3584
Torbjörn,Zecchinii,Cléa,Schuppe Group,+353 (272) 197-5504,+44 (496) 302-8463
Maëlle,Pickston,Clélia,"Daniel, Gleason and Stracke",+31 (108) 622-9314,+1 (360) 751-9726
Nélie,Steuart,André,Walker-Powlowski,+972 (761) 348-9742,+86 (609) 689-7111
Pål,Oganian,Mårten,Jacobi Group,+385 (269) 132-2901,+380 (932) 152-9959
Adélaïde,Bennellick,Maïwenn,"Konopelski, Watsica and Okuneva",+386 (134) 119-5782,+62 (706) 204-3617
Illustrée,Minto,Táng,Armstrong LLC,+58 (634) 840-7228,+374 (248) 662-0933
Méng,Bleackley,Åke,"Vandervort, Bogisich and Olson",+386 (545) 639-7118,+355 (426) 668-9508
Méng,Perotti,Tú,Mitchell-Pacocha,+380 (963) 716-0241,+7 (311) 470-0366
Tú,Sunley,Illustrée,Koss-Wilderman,+1 (202) 714-5570,+351 (658) 161-2520
Andréanne,Minnis,Marylène,Schuster LLC,+7 (358) 138-7502,+92 (894) 333-4427
Maëly,Zanassi,Clélia,Pfeffer-Walter,+62 (662) 551-4668,+94 (791) 979-8687
Jú,Cadell,Kévina,Oberbrunner LLC,+33 (261) 364-4864,+992 (374) 538-9995
Annotés,Malenfant,Edmée,Graham-Willms,+62 (998) 475-6185,+7 (884) 748-2011
Andréa,Blaxill,Estée,Legros and Sons,+86 (830) 196-4237,+86 (480) 544-7821
Almérinda,Marrable,Andrée,"Weber, Haley and Hauck",+380 (643) 172-0569,+48 (964) 580-3879
Athéna,Antonopoulos,Léane,Pfeffer Group,+234 (510) 506-4347,+55 (335) 693-5857
Esbjörn,Trickey,Léana,"Gottlieb, Lowe and Blanda",+7 (664) 679-3414,+880 (542) 758-0333
Adélaïde,Hassur,Maëline,"Stracke, McGlynn and Block",+380 (268) 893-9002,+62 (718) 400-0989
Gaétane,Hubach,Léa,Will Inc,+48 (621) 980-4633,+86 (810) 580-6331
Östen,Ruane,Méng,Welch-Vandervort,+7 (875) 312-5391,+86 (788) 995-8023
Estée,Daldan,Rachèle,Rau-Doyle,+234 (729) 555-6793,+595 (176) 676-0822
Dà,Keelan,Kallisté,"Okuneva, Pacocha and Witting",+63 (522) 960-6037,+86 (513) 635-1363
Noémie,Beviss,Vérane,"Hodkiewicz, Bartoletti and D'Amore",+62 (428) 271-0137,+34 (484) 741-7095
Cinéma,Hadye,Bérangère,"Pfannerstill, Roob and Murphy",+84 (160) 102-9428,+506 (718) 992-0691
Liè,Whitty,Estève,"Dare, Yundt and Davis",+385 (691) 213-4519,+86 (786) 440-2645
Anaëlle,Stevings,Anaïs,"Stroman, Okuneva and Kutch",+62 (284) 200-4148,+63 (742) 292-1183
Méline,Grogan,Ophélie,"Pfeffer, Price and Oberbrunner",+52 (309) 371-7105,+420 (167) 704-7794
Adélie,Bearfoot,Marlène,"Armstrong, Sauer and Watsica",+86 (248) 309-2345,+86 (538) 477-9789
Personnalisée,Wildman,Mélodie,"Huel, Olson and Barton",+993 (253) 822-4327,+86 (661) 275-3523
Bérangère,Soughton,Michèle,Hegmann-Fritsch,+86 (472) 585-6698,+62 (460) 544-3793
Pénélope,Menelaws,Mélissandre,"Bauch, Abshire and O'Keefe",+86 (493) 465-1327,+7 (242) 855-0266
Börje,Gilardoni,Hélène,Monahan-Grady,+62 (916) 876-3509,+55 (186) 823-2094
Bécassine,Barrabeale,Vénus,Ryan-Adams,+970 (630) 474-6959,+86 (859) 184-1437
Lyséa,Meadowcroft,Léana,Haley-Gutkowski,+7 (859) 607-5659,+351 (172) 217-5539
Kallisté,Kenway,Styrbjörn,Yost Group,+86 (855) 271-2625,+373 (668) 630-6271
Léana,Arnull,Illustrée,"Schinner, Harber and Gleason",+86 (898) 313-5321,+387 (514) 308-8593
Maï,Bence,Adèle,Boyer-Champlin,+86 (477) 544-8874,+7 (336) 612-4803
Danièle,Brushfield,Yénora,Ledner-Hauck,+46 (188) 666-6334,+46 (359) 664-3124
Östen,Pocknoll,Annotée,"Friesen, Cormier and Anderson",+86 (448) 641-2256,+86 (721) 151-0787
Östen,Toplis,Styrbjörn,Kautzer-Heidenreich,+62 (735) 468-1938,+46 (269) 729-4161
Örjan,Dingate,Ophélie,Stanton-Hermann,+62 (938) 549-8645,+52 (929) 475-6270
Chloé,Reddie,Örjan,Metz-Frami,+353 (861) 194-3053,+233 (707) 839-7282
Cléa,Wellbeloved,Björn,Crooks-Kassulke,+1 (915) 182-9571,+86 (546) 267-1074
Zoé,Dilworth,Geneviève,Towne LLC,+47 (183) 384-4389,+63 (169) 675-1357
Publicité,Cecely,Esbjörn,Leffler Inc,+86 (665) 438-6831,+855 (229) 932-2390
Loïca,Truse,Léa,"Nikolaus, Mayert and Aufderhar",+86 (740) 715-9733,+62 (162) 472-7877
Irène,McCrum,Östen,Quigley LLC,+850 (640) 830-0037,+1 (702) 268-1795
Yénora,Pinchin,Mélia,"Vandervort, Bins and Cartwright",+1 (510) 649-3393,+62 (979) 600-0422
Zoé,Merali,Cunégonde,Barrows-Hagenes,+30 (984) 452-3188,+86 (184) 152-6539
Crééz,Keigher,Cunégonde,Johnson-Brekke,+856 (164) 553-8404,+86 (362) 425-9775
Pélagie,Figura,Loïca,Jaskolski-Strosin,+62 (733) 644-2298,+66 (321) 479-5008
Pò,Bax,Ráo,Wisoky Group,+86 (316) 859-9810,+62 (540) 704-0941
Gisèle,Olyunin,Örjan,Jerde LLC,+62 (932) 363-1652,+62 (607) 164-9688
Marie-noël,Bogays,Bécassine,Ryan-Bruen,+86 (446) 794-1443,+57 (281) 145-9469
Eliès,Coneley,Måns,Durgan Inc,+251 (986) 972-0808,+54 (553) 668-9374
Cloé,Godbolt,Réservés,"Rau, Bosco and Bartell",+966 (241) 161-7084,+48 (747) 249-9309
Camélia,Hullah,Annotée,Frami LLC,+351 (311) 895-2066,+86 (369) 523-6121
Aimée,Hartwell,Miléna,Hodkiewicz Group,+57 (921) 455-0188,+251 (265) 944-3698
Wá,Thewles,Hélène,Franecki Inc,+420 (563) 785-5374,+62 (222) 459-6706
Marlène,McElvogue,Lóng,Sporer-Bogisich,+62 (833) 230-9281,+86 (877) 985-6107
Zoé,Billion,Pénélope,"Tillman, Wilderman and Cremin",+1 (267) 454-6827,+33 (371) 514-5971
Rébecca,Detloff,Josée,Sipes Inc,+255 (609) 475-5851,+86 (293) 603-0492
Marlène,Lintot,Pò,"Hauck, Morar and Wyman",+251 (190) 802-3110,+232 (160) 794-9239
Örjan,MacAree,Zhì,Schneider-Parker,+57 (213) 885-4240,+62 (830) 834-6353
Maïlys,Vogel,Mélissandre,"Torp, Hansen and Swaniawski",+86 (309) 566-5038,+593 (150) 889-0199
Dà,Kurton,Mà,"Macejkovic, Kautzer and Harris",+86 (565) 205-1454,+226 (215) 408-1148
Tú,Flecknell,Marie-josée,Stanton-Johns,+33 (234) 310-8796,+86 (682) 220-4190
Angélique,Tolman,Stévina,Senger-Schneider,+33 (614) 231-0650,+63 (383) 327-1601
Lén,Dallicoat,Vérane,Jacobs LLC,+84 (150) 557-9712,+967 (537) 941-7679
Pò,MacTrustam,Angélique,Purdy-Bartoletti,+375 (452) 350-9680,+92 (629) 877-3412
Mélys,Karchewski,Fèi,Franecki-Langworth,+1 (626) 899-7168,+55 (103) 609-8254
Dù,Ventom,Cinéma,Price-Nader,+33 (248) 732-1556,+54 (891) 749-0786
Séréna,Searl,Gaëlle,"Runte, Kris and Collier",+86 (621) 563-1091,+63 (412) 748-0789
Yénora,Jertz,Dù,Halvorson-Gusikowski,+86 (446) 271-4702,+86 (771) 142-9443
Mégane,Kemmish,Mårten,"Harris, Armstrong and Spinka",+55 (754) 224-8465,+420 (226) 650-4446
Mylène,Esparza,Vérane,Borer LLC,+86 (510) 454-5628,+353 (412) 643-0991
Stévina,Dreinan,Kallisté,"Kunze, Cruickshank and Shanahan",+976 (980) 593-9373,+86 (286) 604-3207
Méline,Gjerde,Faîtes,Prosacco LLC,+86 (809) 535-1451,+62 (806) 454-0974
Irène,Leopard,Félicie,O'Conner-Kris,+355 (451) 541-4750,+46 (260) 385-4732
Kallisté,Pounds,Mårten,Luettgen Group,+33 (314) 172-1155,+86 (251) 105-8088
Sélène,Lannon,Maïlys,Hills LLC,+81 (739) 230-5527,+355 (142) 348-8031
Rébecca,Hubbard,Hélène,Zemlak and Sons,+1 (606) 668-7471,+86 (366) 384-5461
Judicaël,Bilbie,Kévina,"Bogan, Walsh and Bins",+593 (198) 471-7224,+53 (285) 388-1074
Lài,Najera,Maïwenn,"Jacobi, Corkery and Klein",+63 (401) 119-9217,+7 (544) 233-1530
Pål,Ferencz,Solène,Stark-McCullough,+93 (821) 962-5631,+86 (912) 920-4454
Mélys,Hixley,Audréanne,Borer LLC,+253 (873) 452-3596,+54 (939) 630-8298
Angélique,Rachuig,Marie-hélène,Boyle-Keeling,+86 (651) 655-6275,+53 (132) 559-2119
Lucrèce,Quidenham,Gérald,Doyle and Sons,+62 (399) 268-5525,+595 (334) 962-9008
Clémentine,Roizin,Maëlyss,"Crooks, Larson and Beahan",+62 (659) 171-0108,+33 (180) 670-0093
Andrée,Bortoloni,Cinéma,Douglas Group,+30 (370) 471-4497,+86 (662) 872-7682
Mà,Peepall,Cléa,Carter and Sons,+1 (602) 174-6383,+86 (801) 779-4690
Mélys,Mablestone,Tú,Boehm and Sons,+46 (564) 499-2919,+420 (372) 810-9918
Cécile,Gurton,Gérald,"Wiza, Paucek and Weissnat",+84 (455) 132-4536,+63 (568) 677-0608
Béatrice,Iskov,Maëlys,Christiansen LLC,+504 (279) 855-3388,+81 (788) 263-1407
Laïla,Alliband,Angèle,"Tremblay, Hansen and Keeling",+7 (444) 792-9138,+63 (572) 377-2245
Aloïs,Doward,Marie-hélène,"Ratke, Ortiz and Mohr",+976 (361) 799-6077,+966 (555) 788-7823
Mårten,Tallis,Méryl,"Hegmann, Mante and Beahan",+506 (625) 825-0397,+86 (617) 805-7937
Andréanne,Boice,Laurène,Cummings-Friesen,+1 (202) 627-3452,+86 (386) 843-6820
Marie-noël,Kochel,Bécassine,Pollich-Prosacco,+56 (928) 954-6554,+355 (691) 946-6282
Adélie,Martynikhin,Tú,Parisian-Hartmann,+54 (691) 892-1947,+94 (465) 582-1511
Noëlla,Eskrigg,Hélèna,"Mraz, Schulist and McClure",+351 (238) 900-3304,+86 (534) 542-3068
Kévina,Crickett,Véronique,"Waters, Lindgren and Stark",+255 (791) 645-8210,+249 (269) 262-7273
Desirée,Yurikov,Josée,Ferry-Fisher,+670 (684) 724-3828,+62 (988) 429-2789
Anaïs,Tolland,Almérinda,"Aufderhar, Stracke and Pfeffer",+63 (900) 426-7211,+387 (398) 429-4286
Solène,Plaskett,Kallisté,"Weber, Kuhlman and Senger",+30 (822) 694-9998,+86 (386) 125-6833
Estève,Brisker,Laurène,"O'Conner, Klocko and Stoltenberg",+86 (703) 292-0435,+212 (837) 569-3843
Hélène,Otridge,Céline,Schowalter Inc,+264 (561) 651-9489,+376 (633) 850-4329
Camélia,Giovannini,Aurélie,Lemke Inc,+86 (698) 311-4263,+62 (680) 934-4469
Séréna,Macieja,Bénédicte,"Tillman, Beier and Rodriguez",+62 (500) 816-3042,+7 (593) 996-0009
Ruì,Surmon,Åsa,"Funk, Kulas and Lesch",+7 (969) 831-1326,+63 (764) 633-4863
Régine,Caps,Maëlys,Lueilwitz Inc,+62 (499) 117-0999,+63 (290) 550-0180
Séverine,Wain,Lauréna,Lehner-Stoltenberg,+47 (233) 444-9585,+994 (512) 957-5018
Aimée,Klausen,Valérie,Mayer-Graham,+86 (889) 533-5757,+48 (475) 618-5648
Annotés,Braznell,Marlène,"Monahan, Ferry and Sanford",+63 (880) 542-0029,+62 (419) 277-4733
Céline,Fearn,Marie-noël,Okuneva Inc,+351 (222) 897-8756,+62 (686) 415-5041
Léane,Puddefoot,Aloïs,"Ondricka, Stiedemann and Wunsch",+48 (482) 160-2255,+46 (158) 298-6218
Åslög,Brearley,Rébecca,Wehner-Sawayn,+86 (102) 365-2996,+86 (600) 701-6525
Maï,Cowderoy,Amélie,Stoltenberg-Graham,+86 (924) 980-3127,+48 (513) 797-9731
Salomé,Cotsford,Médiamass,O'Reilly LLC,+63 (563) 534-1131,+380 (146) 438-5843
Gösta,Dacke,Naéva,"Kris, Miller and Satterfield",+62 (931) 778-3300,+31 (617) 377-5664
Kévina,Loxley,Crééz,Robel-Moen,+62 (753) 246-4976,+48 (938) 266-8328
Audréanne,Frazer,Célia,"Denesik, Auer and Wehner",+7 (647) 685-0723,+52 (865) 554-6806
Cinéma,Lemme,Tú,Herman-Shanahan,+63 (358) 967-8964,+66 (972) 889-1544
Béatrice,Milkin,Styrbjörn,"Hilll, Gerhold and Grant",+62 (945) 212-8575,+49 (613) 338-1541
Mårten,Roxbrough,Aurélie,Mosciski LLC,+7 (839) 825-0013,+33 (558) 559-1614
Clélia,Glassard,Yè,Mills Group,+62 (680) 762-8260,+81 (734) 656-5656
Mylène,Ivanishin,Josée,"Jacobson, Osinski and Olson",+62 (180) 630-7189,+62 (595) 855-2854
Anaé,Showers,Agnès,Kassulke-Feeney,+381 (351) 973-8471,+595 (527) 669-5159
Maïwenn,Ibeson,Vénus,Ratke Group,+212 (557) 868-5556,+880 (896) 630-7744
Léonie,Presman,Anaël,"Leffler, Herzog and Nitzsche",+63 (305) 203-5715,+55 (534) 470-6363
Anaëlle,Davidsohn,Kù,Jaskolski LLC,+86 (615) 105-3940,+62 (642) 144-5804
Bérengère,Derx,Pò,"Hintz, Gottlieb and Volkman",+58 (462) 531-6000,+7 (541) 891-2115
Wá,Durant,Marylène,Zieme Group,+81 (705) 963-5392,+387 (928) 276-9298
Marie-hélène,Lorkins,Clémence,"Satterfield, Daugherty and Heaney",+420 (279) 838-8140,+502 (471) 454-7174
Bérénice,Feifer,Tán,"Schultz, Anderson and Lind",+389 (233) 139-8420,+62 (718) 370-4123
Méryl,Rubinfajn,Tú,Hessel-Bradtke,+86 (638) 290-6279,+62 (313) 404-1513
Gaëlle,Pooley,Léone,"Dickinson, Bradtke and Reilly",+86 (764) 211-8485,+970 (747) 353-6001
Ophélie,Ungerechts,Marie-françoise,Bode LLC,+7 (443) 578-6280,+86 (907) 138-9294
Bérengère,Cornilli,Fèi,"Jast, Kuphal and Murazik",+62 (915) 569-3960,+63 (381) 350-3798
Intéressant,Gallie,Bérénice,Koepp Inc,+52 (714) 551-2013,+62 (669) 310-7046
Françoise,Minors,Cécile,"Prohaska, Daugherty and Powlowski",+420 (248) 370-3248,+850 (578) 956-6740
Mégane,Fri,Annotés,Bartell-Kris,+62 (795) 913-3156,+94 (978) 461-6956
Cloé,Minerdo,Léonie,"Hane, Dibbert and Corkery",+31 (642) 669-7585,+385 (430) 979-8644
Judicaël,Djurkovic,Miléna,Hessel-McCullough,+380 (501) 986-5488,+63 (721) 153-5325
Märta,Huntriss,Maïté,Becker Inc,+86 (848) 828-7135,+86 (354) 165-4712
Lén,Borel,Kuí,McDermott-Daugherty,+591 (211) 176-4808,+351 (613) 303-9442
Rachèle,Drabble,Mélys,Weimann Group,+86 (901) 312-1830,+86 (910) 436-0905
Célia,Mcettrick,Athéna,Robel-Wintheiser,+504 (153) 597-0703,+48 (504) 856-9664
Maïly,Dower,Yóu,Hansen Group,+66 (656) 137-4949,+48 (542) 997-8765
Cléopatre,Ingarfield,Régine,"Blanda, Hane and Schuster",+7 (757) 203-3293,+976 (240) 918-8734
Léonie,Mitkov,Clélia,Feeney-Bauch,+84 (875) 220-3025,+7 (966) 576-7728
Anaël,Iacovino,Björn,Wintheiser-Volkman,+1 (766) 967-6712,+54 (281) 137-0517
Solène,Tapper,Örjan,Howe-Green,+33 (821) 515-2553,+55 (948) 816-5868
Maïté,Addyman,Aurélie,Zemlak and Sons,+86 (378) 899-5395,+86 (287) 386-9232
Maïté,Kelway,Réservés,Hirthe Group,+353 (442) 741-5438,+62 (256) 292-5378
Léandre,Shawcroft,Séverine,Pfeffer-Hagenes,+86 (119) 746-9717,+48 (888) 885-5554
Thérèse,Kinnin,Publicité,"Huel, Bradtke and Wiza",+86 (643) 343-0391,+960 (208) 252-1680
Pélagie,Goodspeed,Stéphanie,"Crona, Jerde and Langosh",+370 (803) 418-3176,+420 (134) 788-0430
Lài,Simeone,Maëlyss,Kreiger LLC,+7 (949) 969-0123,+880 (250) 450-0203
Léonie,Poplee,Yè,Paucek Group,+84 (369) 622-5244,+7 (818) 646-1139
Maëlann,Sparling,Illustrée,Rowe and Sons,+46 (912) 764-7475,+51 (301) 781-6559
Maëline,Revening,Josée,"Ruecker, Schuster and Wisozk",+86 (829) 338-4751,+351 (191) 832-7071
Vénus,Krause,Méthode,"Ondricka, Lind and Yost",+386 (109) 172-5808,+55 (703) 598-4664
Véronique,Kaszper,Tán,"Brekke, Gorczany and Collins",+86 (156) 765-0306,+7 (813) 735-2500
Josée,Cherry,Loïca,Beatty Group,+62 (814) 796-8528,+58 (350) 394-8667
Naëlle,Sammon,Méthode,Crona-McKenzie,+63 (428) 710-8757,+84 (221) 143-5961
Hélène,Massimo,Lucrèce,Schimmel-Morissette,+86 (268) 509-5019,+86 (904) 812-8274
Pélagie,Divina,Mà,"Koelpin, Thompson and Olson",+63 (119) 459-1739,+420 (687) 911-5707
Maïlys,Stockoe,Mélia,"Doyle, Ryan and Krajcik",+1 (552) 392-4209,+261 (254) 249-6467
Pénélope,Yearne,Personnalisée,"Dibbert, Grant and Glover",+251 (398) 770-7167,+86 (822) 906-3668
Aloïs,Ehlerding,Marie-josée,Thiel LLC,+381 (701) 626-9536,+30 (573) 256-3995
Bérénice,Jost,Joséphine,"King, Robel and Stamm",+852 (305) 906-5899,+1 (505) 541-6383
Dorothée,Samsworth,Yú,Schowalter-Jast,+33 (222) 566-8024,+380 (157) 383-0939
Aurélie,Garwell,Åsa,Langosh-Prosacco,+86 (346) 621-2953,+66 (679) 199-8458
Märta,Ortler,Adélaïde,O'Reilly-Marks,+46 (403) 415-0661,+52 (203) 591-1045
Görel,Spinello,Célia,Lind Inc,+55 (315) 299-3303,+86 (573) 675-4442
Mårten,Lambal,Lén,Berge LLC,+262 (934) 103-0395,+51 (982) 396-9049
Lài,Downgate,Anaël,"Waelchi, Tremblay and Hansen",+55 (435) 921-4642,+93 (845) 969-2962
Maïly,Yankin,Maëlla,Murazik Inc,+82 (726) 196-3194,+46 (499) 491-4511
Táng,Abazi,Anaël,"Wyman, Runte and Anderson",+86 (317) 326-6943,+48 (499) 915-8390
Noëlla,Gameson,Eliès,"Kertzmann, Wisozk and Willms",+86 (316) 797-6268,+355 (187) 738-7667
Cunégonde,Fransman,Mélys,Steuber-Wiza,+356 (689) 610-3755,+267 (690) 948-3691
Séréna,Burkwood,Mélodie,"Gutmann, Johnston and Gutkowski",+49 (608) 404-9286,+54 (386) 401-7513
Mélys,McMorran,Almérinda,"Goyette, Roberts and Maggio",+389 (704) 223-3192,+30 (497) 404-0179
Céline,Banck,Michèle,Adams Inc,+48 (892) 539-1156,+66 (629) 395-9591
Mårten,Vibert,Athéna,Leannon-Prohaska,+967 (402) 516-3274,+380 (194) 227-5667
Faîtes,Fideler,Thérèse,"Douglas, Littel and Toy",+63 (815) 827-8928,+62 (372) 500-9626
Lucrèce,Summerscales,Nélie,Grady Group,+63 (960) 974-4642,+86 (775) 635-6511
Laïla,Kettoe,Hélène,"Treutel, Erdman and Runolfsdottir",+63 (248) 164-7394,+351 (405) 305-7770
Cloé,Wycliff,Daphnée,"Nolan, Parisian and McLaughlin",+47 (255) 547-2369,+53 (410) 267-5486
Bécassine,Costerd,Mahélie,Lind LLC,+7 (618) 308-4184,+358 (714) 464-8127
Stéphanie,Coulthard,Uò,Miller LLC,+33 (798) 345-6799,+86 (939) 604-8251
Vénus,Ower,Lauréna,"Weimann, White and Gusikowski",+212 (552) 889-7640,+49 (244) 522-9068
